Id,TipoNodo,Acto,Escena,SiguienteID,Variable,Valor,SiguienteID_Si_Verdadero,SiguienteID_Si_Falso,Musica,Musica_Accion,Musica_AccionTiempo,FondoPrincipal,FondoPrincipal_Tamano,FondoPrincipal_Accion,FondoPrincipal_AccionTiempo,FondoPrincipal_Coordenadas,FondoSecundario,FondoSecundario_Tamano,FondoSecundario_Coordenadas,Sprite1,Sprite1_Tamano,Sprite1_Accion,Sprite1_Switch,Sprite1_Coordenadas,Sprite1_Tiempo,Sprite1Cara,Sprite1Cara_Tamano,Sprite1Cara_Accion,Sprite1Cara_Switch,Sprite1Cara_Coordenadas,Sprite1Cara_Tiempo,Sprite1Cabeza,Sprite1Cabeza_Tamano,Sprite1Cabeza_Accion,Sprite1Cabeza_Switch,Sprite1Cabeza_Coordenadas,Sprite1Cabeza_Tiempo,Sprite1BrazoIzq,Sprite1BrazoIzq_Tamano,Sprite1BrazoIzq_Accion,Sprite1BrazoIzq_Switch,Sprite1BrazoIzq_Coordenadas,Sprite1BrazoIzq_Tiempo,Sprite1BrazoDer,Sprite1BrazoDer_Tamano,Sprite1BrazoDer_Accion,Sprite1BrazoDer_Switch,Sprite1BrazoDer_Coordenadas,Sprite1BrazoDer_Tiempo,Sprite2,Sprite2_Tamano,Sprite2_Accion,Sprite2_Switch,Sprite2_Coordenadas,Sprite2_Tiempo,Sprite2Cara,Sprite2Cara_Tamano,Sprite2Cara_Accion,Sprite2Cara_Switch,Sprite2Cara_Coordenadas,Sprite2Cara_Tiempo,Sprite2Cabeza,Sprite2Cabeza_Tamano,Sprite2Cabeza_Accion,Sprite2Cabeza_Switch,Sprite2Cabeza_Coordenadas,Sprite2Cabeza_Tiempo,Sprite2BrazoIzq,Sprite2BrazoIzq_Tamano,Sprite2BrazoIzq_Accion,Sprite2BrazoIzq_Switch,Sprite2BrazoIzq_Coordenadas,Sprite2BrazoIzq_Tiempo,Sprite2BrazoDer,Sprite2BrazoDer_Tamano,Sprite2BrazoDer_Accion,Sprite2BrazoDer_Switch,Sprite2BrazoDer_Coordenadas,Sprite2BrazoDer_Tiempo,Sprite3,Sprite3_Tamano,Sprite3_Accion,Sprite3_Switch,Sprite3_Coordenadas,Sprite3_Tiempo,Sprite3Cara,Sprite3Cara_Tamano,Sprite3Cara_Accion,Sprite3Cara_Switch,Sprite3Cara_Coordenadas,Sprite3Cara_Tiempo,Sprite3Cabeza,Sprite3Cabeza_Tamano,Sprite3Cabeza_Accion,Sprite3Cabeza_Switch,Sprite3Cabeza_Coordenadas,Sprite3Cabeza_Tiempo,Sprite3BrazoIzq,Sprite3BrazoIzq_Tamano,Sprite3BrazoIzq_Accion,Sprite3BrazoIzq_Switch,Sprite3BrazoIzq_Coordenadas,Sprite3BrazoIzq_Tiempo,Sprite3BrazoDer,Sprite3BrazoDer_Tamano,Sprite3BrazoDer_Accion,Sprite3BrazoDer_Switch,Sprite3BrazoDer_Coordenadas,Sprite3BrazoDer_Tiempo,Visto
intro_01,evento,,Gateway Effect,2,,,,,,,,bgs/school_gate.jpg,,punch,0,0 0 0,,,,,,,,,,,,,,,,,,,,,,,,,,,,,,,,,,,,,,,,,,,,,,,,,,,,,,,,,,,,,,,,,,,,,,,,,,,,,,,,,,,,,,,,,,,,,,0
2,,,Gateway Effect,3,,,,,bgm/Fripperies,in,0,,,,,,,,,,,,,,,,,,,,,,,,,,,,,,,,,,,,,,,,,,,,,,,,,,,,,,,,,,,,,,,,,,,,,,,,,,,,,,,,,,,,,,,,,,,,,,,,,,,0
3,,,,4,,,,,,,,,,,,,,,,,,,,,,,,,,,,,,,,,,,,,,,,,,,,,,,,,,,,,,,,,,,,,,,,,,,,,,,,,,,,,,,,,,,,,,,,,,,,,,,,,,,,,,,,,,0
4,,,,5,,,,,,,,,,,,,,,,,,,,,,,,,,,,,,,,,,,,,,,,,,,,,,,,,,,,,,,,,,,,,,,,,,,,,,,,,,,,,,,,,,,,,,,,,,,,,,,,,,,,,,,,,,0
5,,,,6,,,,,,,,,,,,,,,,,,,,,,,,,,,,,,,,,,,,,,,,,,,,,,,,,,,,,,,,,,,,,,,,,,,,,,,,,,,,,,,,,,,,,,,,,,,,,,,,,,,,,,,,,,0
6,,,,7,,,,,,,,,,,,,,,,,,,,,,,,,,,,,,,,,,,,,,,,,,,,,,,,,,,,,,,,,,,,,,,,,,,,,,,,,,,,,,,,,,,,,,,,,,,,,,,,,,,,,,,,,,0
7,,,,8,,,,,,,,,,,,,bgs/school_courtyard.jpg,400x240,0 0 0,,,,,,,,,,,,,,,,,,,,,,,,,,,,,,,,,,,,,,,,,,,,,,,,,,,,,,,,,,,,,,,,,,,,,,,,,,,,,,,,,,,,,,,,,,,0
8,,,,9,,,,,,,,,,fadeOut,0.5,,,,,,,,,,,,,,,,,,,,,,,,,,,,,,,,,,,,,,,,,,,,,,,,,,,,,,,,,,,,,,,,,,,,,,,,,,,,,,,,,,,,,,,,,,,,,,,0
9,,,,10,,,,,,,,bgs/school_courtyard.jpg,400x240,punch,0,,,,,,,,,,,,,,,,,,,,,,,,,,,,,,,,,,,,,,,,,,,,,,,,,,,,,,,,,,,,,,,,,,,,,,,,,,,,,,,,,,,,,,,,,,,,,,,0
10,,,,11,,,,,,,,,,,,,,,,,,,,,,,,,,,,,,,,,,,,,,,,,,,,,,,,,,,,,,,,,,,,,,,,,,,,,,,,,,,,,,,,,,,,,,,,,,,,,,,,,,,,,,,,,,0
11,,,,12,,,,,,,,,,,,,,,,,,,,,,,,,,,,,,,,,,,,,,,,,,,,,,,,,,,,,,,,,,,,,,,,,,,,,,,,,,,,,,,,,,,,,,,,,,,,,,,,,,,,,,,,,,0
12,,,,13,,,,,,,,,,,,,,,,,,,,,,,,,,,,,,,,,,,,,,,,,,,,,,,,,,,,,,,,,,,,,,,,,,,,,,,,,,,,,,,,,,,,,,,,,,,,,,,,,,,,,,,,,,0
13,,,,14,,,,,,,,,,,,,,,,,,,,,,,,,,,,,,,,,,,,,,,,,,,,,,,,,,,,,,,,,,,,,,,,,,,,,,,,,,,,,,,,,,,,,,,,,,,,,,,,,,,,,,,,,,0
14,,,,15,,,,,,,,,,,,,,,,,,,,,,,,,,,,,,,,,,,,,,,,,,,,,,,,,,,,,,,,,,,,,,,,,,,,,,,,,,,,,,,,,,,,,,,,,,,,,,,,,,,,,,,,,,0
15,,,,16,,,,,,,,,,,,,,,,,,,,,,,,,,,,,,,,,,,,,,,,,,,,,,,,,,,,,,,,,,,,,,,,,,,,,,,,,,,,,,,,,,,,,,,,,,,,,,,,,,,,,,,,,,0
16,,,,17,,,,,,,,,,,,,,,,,,,,,,,,,,,,,,,,,,,,,,,,,,,,,,,,,,,,,,,,,,,,,,,,,,,,,,,,,,,,,,,,,,,,,,,,,,,,,,,,,,,,,,,,,,0
17,,,,18,,,,,,,,,,,,,,,,,,,,,,,,,,,,,,,,,,,,,,,,,,,,,,,,,,,,,,,,,,,,,,,,,,,,,,,,,,,,,,,,,,,,,,,,,,,,,,,,,,,,,,,,,,0
18,,,,19,,,,,,,,,,,,,,,,,,,,,,,,,,,,,,,,,,,,,,,,,,,,,,,,,,,,,,,,,,,,,,,,,,,,,,,,,,,,,,,,,,,,,,,,,,,,,,,,,,,,,,,,,,0
19,,,,20,,,,,,,,,,,,,,,,,,,,,,,,,,,,,,,,,,,,,,,,,,,,,,,,,,,,,,,,,,,,,,,,,,,,,,,,,,,,,,,,,,,,,,,,,,,,,,,,,,,,,,,,,,0
20,,,,21,,,,,,,,,,,,,,,,,,,,,,,,,,,,,,,,,,,,,,,,,,,,,,,,,,,,,,,,,,,,,,,,,,,,,,,,,,,,,,,,,,,,,,,,,,,,,,,,,,,,,,,,,,0
21,,,,22,,,,,,,,,,,,,,,,,,,,,,,,,,,,,,,,,,,,,,,,,,,,,,,,,,,,,,,,,,,,,,,,,,,,,,,,,,,,,,,,,,,,,,,,,,,,,,,,,,,,,,,,,,0
22,,,,23,,,,,,,,,,,,,,,,,,,,,,,,,,,,,,,,,,,,,,,,,,,,,,,,,,,,,,,,,,,,,,,,,,,,,,,,,,,,,,,,,,,,,,,,,,,,,,,,,,,,,,,,,,0
23,,,,24,,,,,,,,,,,,,,,,,,,,,,,,,,,,,,,,,,,,,,,,,,,,,,,,,,,,,,,,,,,,,,,,,,,,,,,,,,,,,,,,,,,,,,,,,,,,,,,,,,,,,,,,,,0
24,,,,25,,,,,,,,,,,,,,,,,,,,,,,,,,,,,,,,,,,,,,,,,,,,,,,,,,,,,,,,,,,,,,,,,,,,,,,,,,,,,,,,,,,,,,,,,,,,,,,,,,,,,,,,,,0
25,,,,26,,,,,,,,,,,,,,,,,,,,,,,,,,,,,,,,,,,,,,,,,,,,,,,,,,,,,,,,,,,,,,,,,,,,,,,,,,,,,,,,,,,,,,,,,,,,,,,,,,,,,,,,,,0
26,,,,27,,,,,,,,,,,,,,,,,,,,,,,,,,,,,,,,,,,,,,,,,,,,,,,,,,,,,,,,,,,,,,,,,,,,,,,,,,,,,,,,,,,,,,,,,,,,,,,,,,,,,,,,,,0
27,,,,28,,,,,,,,,,,,,bgs/school_lobby.jpg,400x240,0 0 0,,,,,,,,,,,,,,,,,,,,,,,,,,,,,,,,,,,,,,,,,,,,,,,,,,,,,,,,,,,,,,,,,,,,,,,,,,,,,,,,,,,,,,,,,,,0
28,,,,29,,,,,,,,,,fadeOut,0.5,,,,,,,,,,,,,,,,,,,,,,,,,,,,,,,,,,,,,,,,,,,,,,,,,,,,,,,,,,,,,,,,,,,,,,,,,,,,,,,,,,,,,,,,,,,,,,,0
29,,,,30,,,,,,,,bgs/school_lobby.jpg,400x240,punch,0,,,,,sprites/mutou/mutou_basic.png,,fadeIn,,0 0 0,0.5,sprites/mutou/face/mutou_basic_normal.png,,fadeIn,,-8 67 0,0.5,,,,,,,,,,,,,,,,,,,,,,,,,,,,,,,,,,,,,,,,,,,,,,,,,,,,,,,,,,,,,,,,,,,,,,,,,,,,,,,0
30,,,,31,,,,,,,,,,,,,,,,,,,,,,,,,,,,,,,,,,,,,,,,,,,,,,,,,,,,,,,,,,,,,,,,,,,,,,,,,,,,,,,,,,,,,,,,,,,,,,,,,,,,,,,,,,0
31,,,,32,,,,,,,,,,,,,,,,,,,,,,,,switch,sprites/mutou/face/mutou_basic_smile.png,-8 67 0,0.5,,,,,,,,,,,,,,,,,,,,,,,,,,,,,,,,,,,,,,,,,,,,,,,,,,,,,,,,,,,,,,,,,,,,,,,,,,,,,,,0
32,,,,33,,,,,,,,,,,,,,,,,,,,,,,,,,,,,,,,,,,,,,,,,,,,,,,,,,,,,,,,,,,,,,,,,,,,,,,,,,,,,,,,,,,,,,,,,,,,,,,,,,,,,,,,,,0
33,,,,34,,,,,,,,,,,,,,,,,,,,,,,,,,,,,,,,,,,,,,,,,,,,,,,,,,,,,,,,,,,,,,,,,,,,,,,,,,,,,,,,,,,,,,,,,,,,,,,,,,,,,,,,,,0
34,,,,35,,,,,,,,,,,,,,,,,,,,,,,,switch,sprites/mutou/face/muto_basic_irritated.png,-8 67 0,0.5,,,,,,,,,,,,,,,,,,,,,,,,,,,,,,,,,,,,,,,,,,,,,,,,,,,,,,,,,,,,,,,,,,,,,,,,,,,,,,,0
35,,,,36,,,,,,,,,,,,,,,,,,,,,,,,,,,,,,,,,,,,,,,,,,,,,,,,,,,,,,,,,,,,,,,,,,,,,,,,,,,,,,,,,,,,,,,,,,,,,,,,,,,,,,,,,,0
36,,,,37,,,,,,,,,,,,,,,,,,,,,,,,switch,sprites/mutou/face/mutou_basic_normal.png,-8 67 0,0.5,,,,,,,,,,,,,,,,,,,,,,,,,,,,,,,,,,,,,,,,,,,,,,,,,,,,,,,,,,,,,,,,,,,,,,,,,,,,,,,0
37,,,,38,,,,,,,,,,,,,,,,,,,,,,,,,,,,,,,,,,,,,,,,,,,,,,,,,,,,,,,,,,,,,,,,,,,,,,,,,,,,,,,,,,,,,,,,,,,,,,,,,,,,,,,,,,0
38,,,,39,,,,,,,,,,,,,,,,,,,,,,,,,,,,,,,,,,,,,,,,,,,,,,,,,,,,,,,,,,,,,,,,,,,,,,,,,,,,,,,,,,,,,,,,,,,,,,,,,,,,,,,,,,0
39,,,,40_mePresento,,,,,,,,,,,,,,,,,,,,,,,,,,,,,,,,,,,,,,,,,,,,,,,,,,,,,,,,,,,,,,,,,,,,,,,,,,,,,,,,,,,,,,,,,,,,,,,,,,,,,,,,,,0
40_mePresento,decision,,,41_checkPresento,,,,,,down-0.5,1,,,,,,,,,,,,,,,,,,,,,,,,,,,,,,,,,,,,,,,,,,,,,,,,,,,,,,,,,,,,,,,,,,,,,,,,,,,,,,,,,,,,,,,,,,,,,,,,,,,0
41_checkPresento,checksum,,,,shizune,>=1,42_siPresento,88_noPresento,,,,,,,,,,,,,,,,,,,,,,,,,,,,,,,,,,,,,,,,,,,,,,,,,,,,,,,,,,,,,,,,,,,,,,,,,,,,,,,,,,,,,,,,,,,,,,,,,,,,,,0
42_siPresento,,,,43,,,,,,up-1,1,,,,,,,,,,,,,,,,,,,,,,,,,,,,,,,,,,,,,,,,,,,,,,,,,,,,,,,,,,,,,,,,,,,,,,,,,,,,,,,,,,,,,,,,,,,,,,,,,,,0
43,,,,44,,,,,,,,,,,,,,,,,,,,,,,,,,,,,,,,,,,,,,,,,,,,,,,,,,,,,,,,,,,,,,,,,,,,,,,,,,,,,,,,,,,,,,,,,,,,,,,,,,,,,,,,,,0
44,,,,45,,,,,,,,,,,,,,,,,,,,,,,,,,,,,,,,,,,,,,,,,,,,,,,,,,,,,,,,,,,,,,,,,,,,,,,,,,,,,,,,,,,,,,,,,,,,,,,,,,,,,,,,,,0
45,,,,46,,,,,,,,,,,,,,,,,,,,,,,,,,,,,,,,,,,,,,,,,,,,,,,,,,,,,,,,,,,,,,,,,,,,,,,,,,,,,,,,,,,,,,,,,,,,,,,,,,,,,,,,,,0
46,,,,47,,,,,,,,,,,,,bgs/school_staircase2.jpg,451x240,0 0 0,,,,,,,,,,,,,,,,,,,,,,,,,,,,,,,,,,,,,,,,,,,,,,,,,,,,,,,,,,,,,,,,,,,,,,,,,,,,,,,,,,,,,,,,,,,0
47,,,,48_auto,,,,,,,,,,fadeOut,0.5,,,,,,,fadeOut,,,0.5,,,fadeOut,,-8 67 0,0.5,,,,,,,,,,,,,,,,,,,,,,,,,,,,,,,,,,,,,,,,,,,,,,,,,,,,,,,,,,,,,,,,,,,,,,,,,,,,,,,0
48_auto,evento,,,49_wait,,,,,,,,bgs/school_staircase2.jpg,451x240,punch,0,0 0 0,bgs/school_hallway3.jpg,400x240,0 0 0,,,,,,,,,,,,,,,,,,,,,,,,,,,,,,,,,,,,,,,,,,,,,,,,,,,,,,,,,,,,,,,,,,,,,,,,,,,,,,,,,,,,,,,,,,,0
49_wait,evento,,,50,,,,,,,,,,fadeOut,0.5,,,,,sprites/mutou/mutou_basic.png,,fadeIn,,0 0 0,0.5,sprites/mutou/face/mutou_basic_normal.png,,fadeIn,,-8 67 0,0.5,,,,,,,,,,,,,,,,,,,,,,,,,,,,,,,,,,,,,,,,,,,,,,,,,,,,,,,,,,,,,,,,,,,,,,,,,,,,,,,0
50,,,,51_sfx,,,,,,,,,,,,,,,,,,,,,,,,,,,,,,,,,,,,,,,,,,,,,,,,,,,,,,,,,,,,,,,,,,,,,,,,,,,,,,,,,,,,,,,,,,,,,,,,,,,,,,,,,,0
51_sfx,evento,,,52,,,,,,,,bgs/school_hallway3.jpg,400x240,punch,0,0 0 0,,,,,,,,,,,,,,,,,,,,,,,,,,,,,,,,,,,,,,,,,,,,,,,,,,,,,,,,,,,,,,,,,,,,,,,,,,,,,,,,,,,,,,,,,,,,,,0
52,,,,53,,,,,,,,,,,,,,,,,,fadeOutSlide,,-50 0 0,0.5,,,fadeOutSlide,,-58 67 0,0.5,,,,,,,,,,,,,,,,,,,,,,,,,,,,,,,,,,,,,,,,,,,,,,,,,,,,,,,,,,,,,,,,,,,,,,,,,,,,,,,0
53,,,,54,,,,,,out,3,,,,,,,,,,,,,,,,,,,,,,,,,,,,,,,,,,,,,,,,,,,,,,,,,,,,,,,,,,,,,,,,,,,,,,,,,,,,,,,,,,,,,,,,,,,,,,,,,,,0
54,,,Enter Stage Left,55_bbIn,,,,,,,,,,,,,,,,,,,,,,,,,,,,,,,,,,,,,,,,,,,,,,,,,,,,,,,,,,,,,,,,,,,,,,,,,,,,,,,,,,,,,,,,,,,,,,,,,,,,,,,,,,0
55_bbIn,evento,,,56_fpCambio,,,,,,,,,,,,,,,,,,,,,,,,,,,,,,,,,,,,,,,,,,,,,,,,,,,,,,,,,,,,,,,,,,,,,,,,,,,,,,,,,,,,,,,,,,,,,,,,,,,,,,,,,,0
56_fpCambio,evento,,,57_bbOut,,,,,,,,events/hisao_class.jpg,1024x240,punch,0,140 0 0,,,,,,,,,,,,,,,,,,,,,,,,,,,,,,,,,,,,,,,,,,,,,,,,,,,,,,,,,,,,,,,,,,,,,,,,,,,,,,,,,,,,,,,,,,,,,,0
57_bbOut,evento,,,58,,,,,,,,,,,,,,,,,,,,,,,,,,,,,,,,,,,,,,,,,,,,,,,,,,,,,,,,,,,,,,,,,,,,,,,,,,,,,,,,,,,,,,,,,,,,,,,,,,,,,,,,,,0
58,,,,59,,,,,bgm/School_Days,in,1,,,,,,,,,,,,,,,,,,,,,,,,,,,,,,,,,,,,,,,,,,,,,,,,,,,,,,,,,,,,,,,,,,,,,,,,,,,,,,,,,,,,,,,,,,,,,,,,,,,0
59,,,,60,,,,,,,,,,,,,,,,,,,,,,,,,,,,,,,,,,,,,,,,,,,,,,,,,,,,,,,,,,,,,,,,,,,,,,,,,,,,,,,,,,,,,,,,,,,,,,,,,,,,,,,,,,0
60,,,,61,,,,,,,,,,,,,,,,,,,,,,,,,,,,,,,,,,,,,,,,,,,,,,,,,,,,,,,,,,,,,,,,,,,,,,,,,,,,,,,,,,,,,,,,,,,,,,,,,,,,,,,,,,0
61,,,,62,,,,,,,,,,,,,,,,,,,,,,,,,,,,,,,,,,,,,,,,,,,,,,,,,,,,,,,,,,,,,,,,,,,,,,,,,,,,,,,,,,,,,,,,,,,,,,,,,,,,,,,,,,0
62,,,,63,,,,,,,,,,,,,,,,,,,,,,,,,,,,,,,,,,,,,,,,,,,,,,,,,,,,,,,,,,,,,,,,,,,,,,,,,,,,,,,,,,,,,,,,,,,,,,,,,,,,,,,,,,0
63,,,,64,,,,,,,,,,slide,40,-140 0 0,,,,,,,,,,,,,,,,,,,,,,,,,,,,,,,,,,,,,,,,,,,,,,,,,,,,,,,,,,,,,,,,,,,,,,,,,,,,,,,,,,,,,,,,,,,,,,0
64,,,,65,,,,,,,,,,,,,,,,,,,,,,,,,,,,,,,,,,,,,,,,,,,,,,,,,,,,,,,,,,,,,,,,,,,,,,,,,,,,,,,,,,,,,,,,,,,,,,,,,,,,,,,,,,0
65,,,,66,,,,,,,,,,,,,,,,,,,,,,,,,,,,,,,,,,,,,,,,,,,,,,,,,,,,,,,,,,,,,,,,,,,,,,,,,,,,,,,,,,,,,,,,,,,,,,,,,,,,,,,,,,0
66,,,,67,,,,,,,,,,,,,,,,,,,,,,,,,,,,,,,,,,,,,,,,,,,,,,,,,,,,,,,,,,,,,,,,,,,,,,,,,,,,,,,,,,,,,,,,,,,,,,,,,,,,,,,,,,0
67,,,,68,,,,,,,,,,,,,,,,,,,,,,,,,,,,,,,,,,,,,,,,,,,,,,,,,,,,,,,,,,,,,,,,,,,,,,,,,,,,,,,,,,,,,,,,,,,,,,,,,,,,,,,,,,0
68,,,,69,,,,,,,,,,,,,,,,,,,,,,,,,,,,,,,,,,,,,,,,,,,,,,,,,,,,,,,,,,,,,,,,,,,,,,,,,,,,,,,,,,,,,,,,,,,,,,,,,,,,,,,,,,0
69,,,,70,,,,,,,,,,,,,,,,,,,,,,,,,,,,,,,,,,,,,,,,,,,,,,,,,,,,,,,,,,,,,,,,,,,,,,,,,,,,,,,,,,,,,,,,,,,,,,,,,,,,,,,,,,0
70,,,,71_checksum,,,,,,,,,,,,,,,,,,,,,,,,,,,,,,,,,,,,,,,,,,,,,,,,,,,,,,,,,,,,,,,,,,,,,,,,,,,,,,,,,,,,,,,,,,,,,,,,,,,,,,,,,,0
71_checksum,checksum,,,,shizune,>=1,71_siPresento,91_noPresento,,,,,,,,,,,,,,,,,,,,,,,,,,,,,,,,,,,,,,,,,,,,,,,,,,,,,,,,,,,,,,,,,,,,,,,,,,,,,,,,,,,,,,,,,,,,,,,,,,,,,,
71_siPresento,,,,72,,,,,,,,,,,,,,,,,,,,,,,,,,,,,,,,,,,,,,,,,,,,,,,,,,,,,,,,,,,,,,,,,,,,,,,,,,,,,,,,,,,,,,,,,,,,,,,,,,,,,,,,,,0
72,,,,73,,,,,,,,,,,,,,,,,,,,,,,,,,,,,,,,,,,,,,,,,,,,,,,,,,,,,,,,,,,,,,,,,,,,,,,,,,,,,,,,,,,,,,,,,,,,,,,,,,,,,,,,,,0
73,,,,74,,,,,,,,,,,,,,,,,,,,,,,,,,,,,,,,,,,,,,,,,,,,,,,,,,,,,,,,,,,,,,,,,,,,,,,,,,,,,,,,,,,,,,,,,,,,,,,,,,,,,,,,,,0
74,,,,75,,,,,,,,,,,,,,,,,,,,,,,,,,,,,,,,,,,,,,,,,,,,,,,,,,,,,,,,,,,,,,,,,,,,,,,,,,,,,,,,,,,,,,,,,,,,,,,,,,,,,,,,,,0
75,,,,76,,,,,,,,,,,,,,,,,,,,,,,,,,,,,,,,,,,,,,,,,,,,,,,,,,,,,,,,,,,,,,,,,,,,,,,,,,,,,,,,,,,,,,,,,,,,,,,,,,,,,,,,,,0
76,,,,77,,,,,,,,,,,,,,,,,,,,,,,,,,,,,,,,,,,,,,,,,,,,,,,,,,,,,,,,,,,,,,,,,,,,,,,,,,,,,,,,,,,,,,,,,,,,,,,,,,,,,,,,,,0
77,,,,78,,,,,,,,,,,,,,,,,,,,,,,,,,,,,,,,,,,,,,,,,,,,,,,,,,,,,,,,,,,,,,,,,,,,,,,,,,,,,,,,,,,,,,,,,,,,,,,,,,,,,,,,,,0
78,,,,79,,,,,,,,,,,,,,,,,,,,,,,,,,,,,,,,,,,,,,,,,,,,,,,,,,,,,,,,,,,,,,,,,,,,,,,,,,,,,,,,,,,,,,,,,,,,,,,,,,,,,,,,,,0
79,,,,80,,,,,,,,,,,,,,,,,,,,,,,,,,,,,,,,,,,,,,,,,,,,,,,,,,,,,,,,,,,,,,,,,,,,,,,,,,,,,,,,,,,,,,,,,,,,,,,,,,,,,,,,,,0
80,,,,81,,,,,,,,,,,,,,,,,,,,,,,,,,,,,,,,,,,,,,,,,,,,,,,,,,,,,,,,,,,,,,,,,,,,,,,,,,,,,,,,,,,,,,,,,,,,,,,,,,,,,,,,,,0
81,,,,82,,,,,,,,,,,,,,,,,,,,,,,,,,,,,,,,,,,,,,,,,,,,,,,,,,,,,,,,,,,,,,,,,,,,,,,,,,,,,,,,,,,,,,,,,,,,,,,,,,,,,,,,,,0
82,,,,83,,,,,,,,,,,,,,,,,,,,,,,,,,,,,,,,,,,,,,,,,,,,,,,,,,,,,,,,,,,,,,,,,,,,,,,,,,,,,,,,,,,,,,,,,,,,,,,,,,,,,,,,,,0
83,,,,84_bbIn,,,,,,,,,,,,,,,,,,,,,,,,,,,,,,,,,,,,,,,,,,,,,,,,,,,,,,,,,,,,,,,,,,,,,,,,,,,,,,,,,,,,,,,,,,,,,,,,,,,,,,,,,,0
84_bbIn,evento,,,85_fpCambio,,,,,,,,,,,,,,,,,,,,,,,,,,,,,,,,,,,,,,,,,,,,,,,,,,,,,,,,,,,,,,,,,,,,,,,,,,,,,,,,,,,,,,,,,,,,,,,,,,,,,,,,,,0
85_fpCambio,evento,,,86_bbOut,,,,,,,,bgs/school_scienceroom.jpg,512x256,punch,0,50 0 0,,,,sprites/mutou/mutou_basic.png,,punch,,0 0 0,0,sprites/mutou/face/mutou_basic_normal.png,,punch,,-8 67 0,0,,,,,,,,,,,,,,,,,,,,,,,,,,,,,,,,,,,,,,,,,,,,,,,,,,,,,,,,,,,,,,,,,,,,,,,,,,,,,,,0
86_bbOut,evento,,,98,,,,,,,,,,,,,,,,,,,,,,,,,,,,,,,,,,,,,,,,,,,,,,,,,,,,,,,,,,,,,,,,,,,,,,,,,,,,,,,,,,,,,,,,,,,,,,,,,,,,,,,,,,0
,,,,,,,,,,,,,,,,,,,,,,,,,,,,,,,,,,,,,,,,,,,,,,,,,,,,,,,,,,,,,,,,,,,,,,,,,,,,,,,,,,,,,,,,,,,,,,,,,,,,,,,,,,,,,,
88_noPresento,,,,89,,,,,,up-1,1,,,,,,,,,,,,,,,,,,,,,,,,,,,,,,,,,,,,,,,,,,,,,,,,,,,,,,,,,,,,,,,,,,,,,,,,,,,,,,,,,,,,,,,,,,,,,,,,,,,0
89,,,,90,,,,,,,,,,,,,,,,,,,,,,,,,,,,,,,,,,,,,,,,,,,,,,,,,,,,,,,,,,,,,,,,,,,,,,,,,,,,,,,,,,,,,,,,,,,,,,,,,,,,,,,,,,0
90,,,,46,,,,,,,,,,,,,,,,,,,,,,,,,,,,,,,,,,,,,,,,,,,,,,,,,,,,,,,,,,,,,,,,,,,,,,,,,,,,,,,,,,,,,,,,,,,,,,,,,,,,,,,,,,0
91_noPresento,,,,92,,,,,,,,,,,,,,,,,,,,,,,,,,,,,,,,,,,,,,,,,,,,,,,,,,,,,,,,,,,,,,,,,,,,,,,,,,,,,,,,,,,,,,,,,,,,,,,,,,,,,,,,,,
92,,,,93,,,,,,,,,,,,,,,,,,,,,,,,,,,,,,,,,,,,,,,,,,,,,,,,,,,,,,,,,,,,,,,,,,,,,,,,,,,,,,,,,,,,,,,,,,,,,,,,,,,,,,,,,,0
93,,,,94,,,,,,,,,,,,,,,,,,,,,,,,,,,,,,,,,,,,,,,,,,,,,,,,,,,,,,,,,,,,,,,,,,,,,,,,,,,,,,,,,,,,,,,,,,,,,,,,,,,,,,,,,,0
94,,,,95,,,,,,,,,,,,,,,,,,,,,,,,,,,,,,,,,,,,,,,,,,,,,,,,,,,,,,,,,,,,,,,,,,,,,,,,,,,,,,,,,,,,,,,,,,,,,,,,,,,,,,,,,,0
95,,,,96,,,,,,,,,,,,,,,,,,,,,,,,,,,,,,,,,,,,,,,,,,,,,,,,,,,,,,,,,,,,,,,,,,,,,,,,,,,,,,,,,,,,,,,,,,,,,,,,,,,,,,,,,,0
96,,,,80,,,,,,,,,,,,,,,,,,,,,,,,,,,,,,,,,,,,,,,,,,,,,,,,,,,,,,,,,,,,,,,,,,,,,,,,,,,,,,,,,,,,,,,,,,,,,,,,,,,,,,,,,,0
,,,,,,,,,,,,,,,,,,,,,,,,,,,,,,,,,,,,,,,,,,,,,,,,,,,,,,,,,,,,,,,,,,,,,,,,,,,,,,,,,,,,,,,,,,,,,,,,,,,,,,,,,,,,,,
98,,,,99,,,,,,,,,,,,,,,,,,,,,,,,,,,,,,,,,,,,,,,,,,,,,,,,,,,,,,,,,,,,,,,,,,,,,,,,,,,,,,,,,,,,,,,,,,,,,,,,,,,,,,,,,,
99,,,,100,,,,,,,,,,,,,,,,,,,,,,,,,,,,,,,,,,,,,,,,,,,,,,,,,,,,,,,,,,,,,,,,,,,,,,,,,,,,,,,,,,,,,,,,,,,,,,,,,,,,,,,,,,
100,,,,101,,,,,,,,,,,,,,,,,,,,,,,,,,,,,,,,,,,,,,,,,,,,,,,,,,,,,,,,,,,,,,,,,,,,,,,,,,,,,,,,,,,,,,,,,,,,,,,,,,,,,,,,,,
101,,,,102_mGone,,,,,,,,,,,,,,,,,,,,,,,,,,,,,,,,,,,,,,,,,,,,,,,,,,,,,,,,,,,,,,,,,,,,,,,,,,,,,,,,,,,,,,,,,,,,,,,,,,,,,,,,,,
102_mGone,evento,,,103,,,,,,,,,,,,,,,,sprites/mutou/mutou_basic.png,,fadeOut,,0 0 0,0.5,sprites/mutou/face/mutou_basic_normal.png,,fadeOut,,,0.5,,,,,,,,,,,,,,,,,,,,,,,,,,,,,,,,,,,,,,,,,,,,,,,,,,,,,,,,,,,,,,,,,,,,,,,,,,,,,,,
103,,,,104,,,,,,,,,,,,,,,,,,,,,,,,,,,,,,,,,,,,,,,,,,,,,,,,,,,,,,,,,,,,,,,,,,,,,,,,,,,,,,,,,,,,,,,,,,,,,,,,,,,,,,,,,,
104,,,,105,,,,,,,,,,,,,,,,,,,,,,,,,,,,,,,,,,,,,,,,,,,,,,,,,,,,,,,,,,,,,,,,,,,,,,,,,,,,,,,,,,,,,,,,,,,,,,,,,,,,,,,,,,
105,,,,106,,,,,,,,,,,,,,,,,,,,,,,,,,,,,,,,,,,,,,,,,,,,,,,,,,,,,,,,,,,,,,,,,,,,,,,,,,,,,,,,,,,,,,,,,,,,,,,,,,,,,,,,,,
106,,,,107_miIn,,,,,,,,,,,,,,,,,,,,,,,,,,,,,,,,,,,,,,,,,,,,,,,,,,,,,,,,,,,,,,,,,,,,,,,,,,,,,,,,,,,,,,,,,,,,,,,,,,,,,,,,,,
107_miIn,evento,,,108,,,,,,,,,,,,,,,,sprites/misha/misha_perky_base.png,,fadeIn,,0 0 0,0.5,sprites/misha/face/misha_perky_smile.png,,fadeIn,,3 30 0,0.5,,,,,,,,,,,,,sprites/misha/misha_perky_base_arm.png,,fadeIn,,38 -59 0,0.5,,,,,,,,,,,,,,,,,,,,,,,,,,,,,,,,,,,,,,,,,,,,,,,,,,,,,,,,,,,,,
108,,,,109,,,,,,,,,,,,,,,,,,,,,,,,,,,,,,,,,,,,,,,,,,,,,,,,,,,,,,,,,,,,,,,,,,,,,,,,,,,,,,,,,,,,,,,,,,,,,,,,,,,,,,,,,,
109,,,,110_mShizune,,,,,,,,,,,,,,,,,,,,,,,,,,,,,,,,,,,,,,,,,,,,,,,,,,,,,,,,,,,,,,,,,,,,,,,,,,,,,,,,,,,,,,,,,,,,,,,,,,,,,,,,,,
110_mShizune,EventInText,,,111,,,,,,out,1,,,,,,,,,sprites/misha/misha_perky_base.png,,switch,sprites/misha/misha_arms_base.png,0 0 0,0.5,sprites/misha/face/misha_perky_smile.png,64x64,switch,sprites/misha/face/misha_arms_laugh.png,3 30 0,0.5,sprites/misha/misha_arms_base_head.png,256x256,fadeIn,,0 -1,0.5,,,,,,,,256x256,switch,sprites/misha/misha_arms_base_cross.png,0 0,0.5,,,,,,,,,,,,,,,,,,,,,,,,,,,,,,,,,,,,,,,,,,,,,,,,,,,,,,,,,,,,,
111,,,,112,,,,,,,,,,,,,,,,,,,,,,,,,,,,,,,,,,,,,,,,,,,,,,,,,,,,,,,,,,,,,,,,,,,,,,,,,,,,,,,,,,,,,,,,,,,,,,,,,,,,,,,,,,
112,EventInText,,,113,,,,,,,,,,,,,,,,,,,,,,,32x32,switch,sprites/misha/face/misha_arms_grin.png,3 30 0,0.5,,256x256,switch,sprites/misha/misha_arms_base_head.png,0 0,0.5,,,,,,,,256x256,switch,sprites/misha/misha_arms_base_hips.png,0 0,0.5,,,,,,,,,,,,,,,,,,,,,,,,,,,,,,,,,,,,,,,,,,,,,,,,,,,,,,,,,,,,,
113,EventInText,,,114_slideBG,,,,,,,,,,,,,,,,,,,,,,,,,,,,,,,,,,,,,,,,,,,,,,,,,,,,,,,,,,,,,,,,,,,,,,,,,,,,,,,,,,,,,,,,,,,,,,,,,,,,,,,,,,
114_slideBG,evento,,,115_shIn,,,,,bgm/The_Student_Council,in,1,,,slide,1,0 0 0,,,,,,move,,-80 0 0,1,,,move,,-77 30 0,1,,,move,,-80 0 0,1,,,,,,,,,move,,-80 0 0,1,,,,,,,,,,,,,,,,,,,,,,,,,,,,,,,,,,,,,,,,,,,,,,,,,,,,,,,,,,,,,
115_shIn,evento,,,116,,,,,,,,,,,,,,,,,,,,,,,,,,,,,,,,,,,,,,,,,,,,,,sprites/shizu/shizu_base_normal.png,,fadeIn,,80 0 0,0.5,sprites/shizu/face/shizu_base_normal_normal.png,64x64,fadeIn,,90 20 0,0.5,,,,,,,,,,,,,,,,,,,,,,,,,,,,,,,,,,,,,,,,,,,,,,,,,
116,,,,117,,,,,,,,,,,,,,,,,,,,,,,,,,,,,,,,,,,,,,,,,,,,,,,,,,,,,,,,,,,,,,,,,,,,,,,,,,,,,,,,,,,,,,,,,,,,,,,,,,,,,,,,,,
117,,,,118,,,,,,,,,,,,,,,,,,,,,,,,,,,,,,,,,,,,,,,,,,,,,,,,,,,,,,,,,,,,,,,,,,,,,,,,,,,,,,,,,,,,,,,,,,,,,,,,,,,,,,,,,,
118,,,,119,,,,,,,,,,,,,,,,,,,,,,,,,,,,,,,,,,,,,,,,,,,,,,,,,,,,,,,,,,,,,,,,,,,,,,,,,,,,,,,,,,,,,,,,,,,,,,,,,,,,,,,,,,
119,,,,120_mT,,,,,,,,,,,,,,,,,,,,,,,,,,,,,,,,,,,,,,,,,,,,,,,,switch,sprites/shizu/shizu_base.png,80 0 0,0.5,,64x64,switch,sprites/shizu/face/shizu_base_behind_blank.png,70 25 0,0.5,sprites/shizu/shizu_base_behind_head.png,256x256,fadeIn,,80 0 0,0.5,,,,,,,sprites/shizu/shizu_base_behind_arms.png,128x128,fadeIn,,80 -27 0,0.5,,,,,,,,,,,,,,,,,,,,,,,,,,,,,,,
120_mT,evento,,,121_mT2,,,,,,,,,,,,,,,,sprites/misha/misha_arms_base.png,,switch,sprites/misha/misha_perky_base.png,-80 0 0,0.5,sprites/misha/face/misha_arms_grin.png,32x32,switch,sprites/misha/face/misha_perky_smile.png,-77 30 0,0.5,sprites/misha/misha_arms_base_head.png,,fadeOut,,-80 0 0,0.5,,,,,,,sprites/misha/misha_arms_base_hips.png,128x128,switch,sprites/misha/misha_perky_base_arm.png,-42 -59 0,0.5,,,,,,,,,,,,,,,,,,,,,,,,,,,,,,,,,,,,,,,,,,,,,,,,,,,,,,,,,,,,,
121_mT2,evento,,,122_mT3,,,,,,,,,,,,,,,,,,,,,,,,,,,,,,,,,,,,,,,,,,switch,sprites/misha/misha_perky_sign_arm.png,-42 -23 0,0.5,,,,,,,,,,,,,,,,,,,,,,,,,,,,,,,,,,,,,,,,,,,,,,,,,,,,,,,,,,,,,
122_mT3,evento,,,123,,,,,,,,,,,,,,,,,,,,,,,,,,,,,,,,,,,,,,,,,,switch,sprites/misha/misha_perky_base_arm.png,-42 -59 0,0.5,,,,,,,,,,,,,,,,,,,,,,,,,,,,,,,,,,,,,,,,,,,,,,,,,,,,,,,,,,,,,
123,,,,124_sT1,,,,,,,,,,,,,,,,,,,,,,,,,,,,,,,,,,,,,,,,,,,,,,,,,,,,,,,,,,,,,,,,,,,,,,,,,,,,,,,,,,,,,,,,,,,,,,,,,,,,,,,,,,
124_sT1,evento,,,125_sT2,,,,,,,,,,,,,,,,,,,,,,,,,,,,,,,,,,,,,,,,,,,,,,,,,,,,,64x64,switch,sprites/shizu/face/shizu_base_adjust_happy.png,70 30 0,0.5,,256x256,switch,sprites/shizu/shizu_base_adjust_head.png,80 0 0,0.5,,,,,,,,128x128,switch,sprites/shizu/shizu_base_adjust_arms.png,80 -27 0,0.5,,,,,,,,,,,,,,,,,,,,,,,,,,,,,,,
125_sT2,evento,,,126,,,,,,,,,,,,,,,,,,,,,,,,,,,,,,,,,,,,,,,,,,,,,,,,,,,,,64x64,switch,sprites/shizu/face/shizu_base_behind_smile.png,70 25 0,0.5,,256x256,switch,sprites/shizu/shizu_base_behind_head.png,80 0 0,0.5,,,,,,,,128x128,switch,sprites/shizu/shizu_base_behind_arms.png,80 -27 0,0.5,,,,,,,,,,,,,,,,,,,,,,,,,,,,,,,
126,,,,127,,,,,,,,,,,,,,,,,,,,,,,,,,,,,,,,,,,,,,,,,,,,,,,,,,,,,,,,,,,,,,,,,,,,,,,,,,,,,,,,,,,,,,,,,,,,,,,,,,,,,,,,,,
127,,,,128,,,,,,,,,,,,,,,,,,,,,,,,,,,,,,,,,,,,,,,,,,,,,,,,,,,,,,,,,,,,,,,,,,,,,,,,,,,,,,,,,,,,,,,,,,,,,,,,,,,,,,,,,,
128,,,,129,,,,,,,,,,,,,,,,sprites/misha/misha_perky_base.png,,switch,sprites/misha/misha_arms_base.png,-80 0,0.5,sprites/misha/face/misha_perky_smile.png,32x32,switch,sprites/misha/face/misha_arms_smile.png,-77 30 0,0.5,sprites/misha/misha_arms_base_head.png,256x256,fadeIn,,-80 0,0.5,,,,,,,,256x256,switch,sprites/misha/misha_arms_base_hips.png,-80 0,0.5,,,,,,,,,,,,,,,,,,,,,,,,,,,,,,,,,,,,,,,,,,,,,,,,,,,,,,,,,,,,,
129,,,,130,,,,,,,,,,,,,,,,,,,,,,,,,,,,,,,,,,,,,,,,,,,,,,,,,,,,,,,,,,,,,,,,,,,,,,,,,,,,,,,,,,,,,,,,,,,,,,,,,,,,,,,,,,
130,,,,131,,,,,,,,,,,,,,,,,,,,,,,,switch,sprites/misha/face/misha_arms_grin.png,-77 30 0,0.5,,,,,,,,,,,,,,,,,,,,,,,,,,,,,,,,,,,,,,,,,,,,,,,,,,,,,,,,,,,,,,,,,,,,,,,,,,,,,,,
131,,,,132,,,,,,,,,,,,,,,,,,,,,,,,,,,,,,,,,,,,,,,,,,,,,,sprites/shizu/shizu_base.png,,switch,sprites/shizu/shizu_base_normal.png,80 0 0,0.5,sprites/shizu/face/shizu_base_behind_smile.png,64x64,switch,sprites/shizu/face/shizu_base_normal_normal.png,90 20 0,0.5,sprites/shizu/shizu_base_behind_head.png,,fadeOut,,,0.5,,,,,,,sprites/shizu/shizu_base_behind_arms.png,,fadeOut,,,0.5,,,,,,,,,,,,,,,,,,,,,,,,,,,,,,,
132,,,,133_chckPresento,,,,,,,,,,,,,,,,,,switch,sprites/misha/misha_perky_base.png,-80 0 0,0.5,,32x32,switch,sprites/misha/face/misha_perky_smile.png,-77 30 0,0.5,sprites/misha/misha_arms_base_head.png,,fadeOut,,-80 0 0,0.5,,,,,,,,128x128,switch,sprites/misha/misha_perky_base_arm.png,-42 -59 0,0.5,,,,,,,,,,,,,,,,,,,,,,,,,,,,,,,,,,,,,,,,,,,,,,,,,,,,,,,,,,,,,
,,,,,,,,,,,,,,,,,,,,,,,,,,,,,,,,,,,,,,,,,,,,,,,,,,,,,,,,,,,,,,,,,,,,,,,,,,,,,,,,,,,,,,,,,,,,,,,,,,,,,,,,,,,,,,
133_chckPresento,checksum,,,,shizune,>=1,134_siPresento,135_noPresento,,,,,,,,,,,,,,,,,,,,,,,,,,,,,,,,,,,,,,,,,,,,,,,,,,,,,,,,,,,,,,,,,,,,,,,,,,,,,,,,,,,,,,,,,,,,,,,,,,,,,,
134_siPresento,,,,138_normal,,,,,,,,,,,,,,,,,,,,,,,,,,,,,,,,,,,,,,,,,,,,,,,,,,,,,,,,,,,,,,,,,,,,,,,,,,,,,,,,,,,,,,,,,,,,,,,,,,,,,,,,,,
,,,,,,,,,,,,,,,,,,,,,,,,,,,,,,,,,,,,,,,,,,,,,,,,,,,,,,,,,,,,,,,,,,,,,,,,,,,,,,,,,,,,,,,,,,,,,,,,,,,,,,,,,,,,,,
135_noPresento,,,,136,,,,,,,,,,,,,,,,,,,,,,,,,,,,,,,,,,,,,,,,,,,,,,,,,,,,,,,,,,,,,,,,,,,,,,,,,,,,,,,,,,,,,,,,,,,,,,,,,,,,,,,,,,
136,,,,137,,,,,,,,,,,,,,,,,,,,,,,,,,,,,,,,,,,,,,,,,,,,,,,,,,,,,,,,,,,,,,,,,,,,,,,,,,,,,,,,,,,,,,,,,,,,,,,,,,,,,,,,,,
137,,,,138_normal,,,,,,,,,,,,,,,,,,,,,,,,,,,,,,,,,,,,,,,,,,,,,,,,,,,,,,,,,,,,,,,,,,,,,,,,,,,,,,,,,,,,,,,,,,,,,,,,,,,,,,,,,,
,,,,,,,,,,,,,,,,,,,,,,,,,,,,,,,,,,,,,,,,,,,,,,,,,,,,,,,,,,,,,,,,,,,,,,,,,,,,,,,,,,,,,,,,,,,,,,,,,,,,,,,,,,,,,,
138_normal,,,,139,,,,,,,,,,,,,,,,,,,,,,,,,,,,,,,,,,,,,,,,,,,,,,,,,,,,,,,,,,,,,,,,,,,,,,,,,,,,,,,,,,,,,,,,,,,,,,,,,,,,,,,,,,
139,,,,140,,,,,,,,,,,,,,,,,,,,,,,,,,,,,,,,,,,,,,,,,,,,,,,,,,,,,,,,,,,,,,,,,,,,,,,,,,,,,,,,,,,,,,,,,,,,,,,,,,,,,,,,,,
140,,,,141,,,,,,,,,,,,,,,,,,switch,sprites/misha/misha_arms_base.png,-80 0,0.5,,32x32,switch,sprites/misha/face/misha_arms_grin.png,-77 30 0,0.5,sprites/misha/misha_arms_base_head.png,256x256,fadeIn,,-80 0,0.5,,,,,,,,256x256,switch,sprites/misha/misha_arms_base_hips.png,-80 0,0.5,,,,,,,,,,,,,,,,,,,,,,,,,,,,,,,,,,,,,,,,,,,,,,,,,,,,,,,,,,,,,
141,,,,142,,,,,,,,,,,,,,,,,,,,,,,,,,,,,,,,,,,,,,,,,,,,,,,,,,,,,,,,,,,,,,,,,,,,,,,,,,,,,,,,,,,,,,,,,,,,,,,,,,,,,,,,,,
142,,,,143,,,,,,,,,,,,,,,,,,,,,,,,,,,,,,,,,,,,,,,,,,,,,,,,,,,,,,,,,,,,,,,,,,,,,,,,,,,,,,,,,,,,,,,,,,,,,,,,,,,,,,,,,,
143,,,,144,,,,,,,,,,,,,,,,,,,,,,,,switch,sprites/misha/face/misha_arms_grin.png,-77 29 0,0.5,,,switch,sprites/misha/misha_arms_base_head.png,-80 -1,0.5,,,,,,,,256x256,switch,sprites/misha/misha_arms_base_cross.png,-80 0,0.5,,,,,,,,,,,,,,,,,,,,,,,,,,,,,,,,,,,,,,,,,,,,,,,,,,,,,,,,,,,,,
144,,,,145,,,,,,,,,,,,,,,,,,,,,,,,,,,,,,,,,,,,,,,,,,,,,,,,switch,sprites/shizu/shizu_base.png,80 0 0,0.5,,64x64,switch,sprites/shizu/face/shizu_base_adjust_smug.png,70 30,0.5,sprites/shizu/shizu_base_adjust_head.png,256x256,fadeIn,,80 0 0,0.5,,,,,,,sprites/shizu/shizu_base_adjust_arms.png,128x128,fadeIn,,80 -27 0,0.5,,,,,,,,,,,,,,,,,,,,,,,,,,,,,,,
145,,,,146,,,,,,,,,,,,,,,,,,,,,,,64x64,switch,sprites/misha/face/misha_arms_laugh.png,-77 29 0,0.5,,,,,,,,,,,,,,,,,,,,,,,,,,64x64,switch,sprites/shizu/face/shizu_base_adjust_happy.png,70 30,0.5,,,,,,,,,,,,,,,,,,,,,,,,,,,,,,,,,,,,,,,,,,,,,,,,,
146,,,,147,,,,,,,,,,,,,,,,,,,,,,,,,,,,,,,,,,,,,,,,,,,,,,,,,,,,,,,,,,,,,,,,,,,,,,,,,,,,,,,,,,,,,,,,,,,,,,,,,,,,,,,,,,
147,,,,148,,,,,,,,,,,,,,,,,,,,,,,,,,,,,,,,,,,,,,,,,,,,,,,,,,,,,,,,,,,,,,,,,,,,,,,,,,,,,,,,,,,,,,,,,,,,,,,,,,,,,,,,,,
148,,,,149,,,,,,,,,,,,,,,,,,,,,,,,,,,,,,,,,,,,,,,,,,,,,,,,,,,,,,,,,,,,,,,,,,,,,,,,,,,,,,,,,,,,,,,,,,,,,,,,,,,,,,,,,,
149,evento,,,150,,,,,,,,,,,,,,,,,,switch,sprites/misha/misha_perky_base.png,-80 0,0.5,,32x32,switch,sprites/misha/face/misha_perky_smile.png,-77 30 0,0.5,sprites/misha/misha_arms_base_head.png,,fadeOut,,-80 -1,0.5,,,,,,,,128x128,switch,sprites/misha/misha_perky_sign_arm.png,-42 -23,0.5,,,,,,,,,,,,,,,,,,,,,,,,,,,,,,,,,,,,,,,,,,,,,,,,,,,,,,,,,,,,,
150,evento,,,151,,,,,,,,,,,,,,,,,,,,,,,,,,,,,,,,,,,,,,,,,,,,,,,,,,,,,64x64,switch,sprites/shizu/face/shizu_base_behind_smile.png,70 25,0.5,,256x256,switch,sprites/shizu/shizu_base_behind_head.png,80 0,,,,,,,,,128x128,switch,sprites/shizu/shizu_base_behind_arms.png,80 -27 0,0.5,,,,,,,,,,,,,,,,,,,,,,,,,,,,,,,
151,evento,,,152,,,,,,,,,,,,,,,,,,,,,,,32x32,switch,sprites/misha/face/misha_perky_confused.png,-77 30 0,0.5,,,,,,,,,,,,,,128x128,switch,sprites/misha/misha_perky_base_arm.png,-42 -59,0.5,,,,,,,,,,,,,,,,,,,,,,,,,,,,,,,,,,,,,,,,,,,,,,,,,,,,,,,,,,,,,
152,,,,153,,,,,,,,,,,,,,,,,,,,,,,,,,,,,,,,,,,,,,,,,,,,,,,,,,,,,,,,,,,,,,,,,,,,,,,,,,,,,,,,,,,,,,,,,,,,,,,,,,,,,,,,,,
153,,,,154,,,,,,,,,,,,,,,,,,switch,sprites/misha/misha_arms_base.png,-80 0,0.5,,32x32,switch,sprites/misha/face/misha_arms_grin.png,-77 30 0,0.5,sprites/misha/misha_arms_base_head.png,256x256,fadeIn,,-80 0,0.5,,,,,,,,256x256,switch,sprites/misha/misha_arms_base_hips.png,-80 0,0.5,,,,,,,,,,,,,,,,,,,,,,,,,,,,,,,,,,,,,,,,,,,,,,,,,,,,,,,,,,,,,
154,,,,155,,,,,,,,,,,,,,,,,,,,,,,,switch,sprites/misha/face/misha_arms_smile.png,-77 30 0,0.5,,,,,,,,,,,,,,,,,,,,,,,,,,,,,,,,,,,,,,,,,,,,,,,,,,,,,,,,,,,,,,,,,,,,,,,,,,,,,,,
155,,,,156,,,,,,,,,,,,,,,,,,,,,,,,,,,,,,,,,,,,,,,,,,,,,,,,,,,,,64x64,switch,sprites/shizu/face/shizu_base_behind_blank.png,70 25,0.5,,,,,,,,,,,,,,,,,,,,,,,,,,,,,,,,,,,,,,,,,,,,,,,,,
156,EventInText,,,157,,,,,,,,,,,,,,,,,,switch,sprites/misha/misha_perky_base.png,-80 0,0.5,,32x32,switch,sprites/misha/face/misha_perky_smile.png,-77 30 0,0.5,,,fadeOut,,,0.5,,,,,,,,128x128,switch,sprites/misha/misha_perky_sign_arm.png,-42 -23,0.5,,,,,,,,,,,,,,,,,,,,,,,,,,,,,,,,,,,,,,,,,,,,,,,,,,,,,,,,,,,,,
157,,,,158,,,,,,,,,,,,,,,,,,,,,,,,,,,,,,,,,,,,,,,,,,,,,,,,,,,,,,,,,,,,,,,,,,,,,,,,,,,,,,,,,,,,,,,,,,,,,,,,,,,,,,,,,,
158,,,,159,,,,,,,,,,,,,,,,,,,,,,,,,,,,,,,,,,,,,,,,,,,,,,,,,,,,,,,,,,,,,,,,,,,,,,,,,,,,,,,,,,,,,,,,,,,,,,,,,,,,,,,,,,
159,,,,160,,,,,,,,,,,,,,,,,,,,,,,,,,,,,,,,,,,,,,,,,,,,,,,,,,,,,64x64,switch,sprites/shizu/face/shizu_base_behind_frown.png,70 25,0.5,,,,,,,,,,,,,,,,,,,,,,,,,,,,,,,,,,,,,,,,,,,,,,,,,
160,,,,161,,,,,,,,,,,,,,,,,,switch,sprites/misha/misha_arms_base.png,-80 0,0.5,,64x64,switch,sprites/misha/face/misha_arms_laugh.png,-77 30 0,0.5,sprites/misha/misha_arms_base_head.png,,fadeIn,,-80 0,0.5,,,,,,,,256x256,switch,sprites/misha/misha_arms_base_hips.png,-80 0,0.5,,,,,,,,,,,,,,,,,,,,,,,,,,,,,,,,,,,,,,,,,,,,,,,,,,,,,,,,,,,,,
161,,,,162,,,,,,,,,,,,,,,,,,,,,,,32x32,switch,sprites/misha/face/misha_arms_smile.png,,0.5,,,,,,,,,,,,,,,,,,,,,,,,,,,,,,,,,,,,,,,,,,,,,,,,,,,,,,,,,,,,,,,,,,,,,,,,,,,,,,,
162,,,,163,,,,,,,,,,,,,,,,,,,,,,,32x32,switch,sprites/misha/face/misha_arms_grin.png,,0.5,,,,,,,,,,,,,,,,,,,,,,,,,,,,,,,,,,,,,,,,,,,,,,,,,,,,,,,,,,,,,,,,,,,,,,,,,,,,,,,
163,,,,164,,,,,,,,,,,,,,,,,,switch,sprites/misha/misha_perky_base.png,-80 0,0.5,,32x32,switch,sprites/misha/face/misha_perky_smile.png,,0.5,,,fadeOut,,,0.5,,,,,,,,128x128,switch,sprites/misha/misha_perky_base_arm.png,-42 -59,0.5,,,,,,,,64x64,switch,sprites/shizu/face/shizu_base_behind_smile.png,,0.5,,,,,,,,,,,,,,,,,,,,,,,,,,,,,,,,,,,,,,,,,,,,,,,,,
164,,,,165,,,,,,,,,,,,,,,,,,,,,,,,,,,,,,,,,,,,,,,,,,,,,,,,,,,,,,,,,,,,,,,,,,,,,,,,,,,,,,,,,,,,,,,,,,,,,,,,,,,,,,,,,,
165,,,,166,,,,,,,,,,,,,,,,,,,,,,,,,,,,,,,,,,,,,,,,,,,,,,,,,,,,,,,,,,,,,,,,,,,,,,,,,,,,,,,,,,,,,,,,,,,,,,,,,,,,,,,,,,
166,,,,167,,,,,,,,,,,,,,,,,,,,,,,,,,,,,,,,,,,,,,,,,,,,,,,,,,,,,,,,,,,,,,,,,,,,,,,,,,,,,,,,,,,,,,,,,,,,,,,,,,,,,,,,,,
167,,,,168,,,,,,,,,,,,,,,,,,,,,,,32x32,switch,sprites/misha/face/misha_perky_sad.png,,0.5,,,,,,,,,,,,,,,,,,,,,,,,,,,,,,,,,,,,,,,,,,,,,,,,,,,,,,,,,,,,,,,,,,,,,,,,,,,,,,,
168,,,,169,,,,,,,,,,,,,,,,,,,,,,,,,,,,,,,,,,,,,,,,,,,,,,,,switch,sprites/shizu/shizu_base_normal.png,80 0 0,0.5,,64x64,switch,sprites/shizu/face/shizu_base_normal_normal.png,90 20 0,0.5,,,fadeOut,,,0.5,,,,,,,,,fadeOut,,,0.5,,,,,,,,,,,,,,,,,,,,,,,,,,,,,,,
169,,,,170,,,,,,,,,,,,,,,,,,,,,,,,switch,sprites/misha/face/misha_perky_smile.png,,0.5,,,,,,,,,,,,,,,,,,,,,,,,,,,,,,,,,,,,,,,,,,,,,,,,,,,,,,,,,,,,,,,,,,,,,,,,,,,,,,,
170,,,,171,,,,,,,,,,,,,,,,,,,,,,,,,,,,,,,,,,,,,,,,,,,,,,,,,,,,,,,,,,,,,,,,,,,,,,,,,,,,,,,,,,,,,,,,,,,,,,,,,,,,,,,,,,
171,,,,172,,,,,,,,,,,,,,,,,,switch,sprites/misha/misha_arms_base.png,-80 0,0.5,,64x64,switch,sprites/misha/face/misha_arms_laugh.png,-77 29 0,0.5,sprites/misha/misha_arms_base_head.png,,fadeIn,,-80 -1,0.5,,,,,,,,256x256,switch,sprites/misha/misha_arms_base_cross.png,-80 0,0.5,,,,,,,,,,,,,,,,,,,,,,,,,,,,,,,,,,,,,,,,,,,,,,,,,,,,,,,,,,,,,
172,,,,173,,,,,,,,,,,,,,,,,,,,,,,,,,,,,,,,,,,,,,,,,,,,,,,,,,,,,,,,,,,,,,,,,,,,,,,,,,,,,,,,,,,,,,,,,,,,,,,,,,,,,,,,,,
173,,,,174,,,,,,,,,,,,,,,,,,,,,,,,,,,,,,,,,,,,,,,,,,,,,,,,switch,sprites/shizu/shizu_base.png,80 0 0,0.5,,64x64,switch,sprites/shizu/face/shizu_base_adjust_happy.png,70 30,0.5,sprites/shizu/shizu_base_adjust_head.png,256x256,fadeIn,,80 0 0,0.5,,,,,,,sprites/shizu/shizu_base_adjust_arms.png,128x128,fadeIn,,80 -27 0,0.5,,,,,,,,,,,,,,,,,,,,,,,,,,,,,,,
174,,,,175,,,,,,,,,,,,,,,,,,switch,sprites/misha/misha_perky_base.png,-80 0,0.5,,32x32,switch,sprites/misha/face/misha_perky_smile.png,-77 30 0,0.5,,,fadeOut,,,0.5,,,,,,,,128x128,switch,sprites/misha/misha_perky_base_arm.png,-42 -59,0.5,,,,,,,,,,,,,,,,,,,,,,,,,,,,,,,,,,,,,,,,,,,,,,,,,,,,,,,,,,,,,
175,,,,176,,,,,,out,1,,,,,,,,,,,,,,,,,,,,,,,,,,,,,,,,,,,,,,,,,,,,,,,switch,sprites/shizu/face/shizu_base_adjust_blush.png,,0.5,,,,,,,,,,,,,,,,,,,,,,,,,,,,,,,,,,,,,,,,,,,,,,,,,
176,,,,177,,,,,,,,,,,,,,,,,,switch,sprites/misha/misha_arms_base.png,-80 0,0.5,,32x32,switch,sprites/misha/face/misha_arms_smile.png,-77 30 0,0.5,sprites/misha/misha_arms_base_head.png,256x256,fadeIn,,-80 0,0.5,,,,,,,,256x256,switch,sprites/misha/misha_arms_base_hips.png,-80 0,0.5,,,,,,,,,,,,,,,,,,,,,,,,,,,,,,,,,,,,,,,,,,,,,,,,,,,,,,,,,,,,,
177,,,,178,,,,,,,,,,,,,,,,,,,,,,,,,,,,,,,,,,,,,,,,,,,,,,,,switch,sprites/shizu/shizu_base_normal.png,80 0 0,0.5,,64x64,switch,sprites/shizu/face/shizu_base_normal_normal2.png,90 20 0,0.5,,,fadeOut,,,0.5,,,,,,,,,fadeOut,,,0.5,,,,,,,,,,,,,,,,,,,,,,,,,,,,,,,
178,,,,179,,,,,bgm/The_Student_Council,in,1,,,,,,,,,,,,,,,,,switch,sprites/misha/face/misha_arms_grin.png,,0.5,,,,,,,,,,,,,,,,,,,,,,,,,,,,,,,,,,,,,,,,,,,,,,,,,,,,,,,,,,,,,,,,,,,,,,,,,,,,,,,
179,,,,180,,,,,,,,,,,,,,,,,,,,,,,,,,,,,,,,,,,,,,,,,,,,,,,,,,,,,,,,,,,,,,,,,,,,,,,,,,,,,,,,,,,,,,,,,,,,,,,,,,,,,,,,,,
180,,,,181,,,,,,,,,,,,,,,,,,,,,,,,,,,,,,,,,,,,,,,,,,,,,,,,,,,,,,,,,,,,,,,,,,,,,,,,,,,,,,,,,,,,,,,,,,,,,,,,,,,,,,,,,,
181,,,,182,,,,,,,,,,,,,,,,,,,,,,,,,,,,,,,,,,,,,,,,,,,,,,,,,,,,,,,,,,,,,,,,,,,,,,,,,,,,,,,,,,,,,,,,,,,,,,,,,,,,,,,,,,
182,,,,183,,,,,,,,,,,,,,,,,,,,,,,,,,,,,,,,,,,,,,,,,,,,,,,,switch,sprites/shizu/shizu_base.png,80 0 0,0.5,,64x64,switch,sprites/shizu/face/shizu_base_behind_frown.png,70 25,0.5,sprites/shizu/shizu_base_behind_head.png,256x256,fadeIn,,80 0 0,0.5,,,,,,,sprites/shizu/shizu_base_behind_arms.png,128x128,fadeIn,,80 -27 0,0.5,,,,,,,,,,,,,,,,,,,,,,,,,,,,,,,
183,,,,184,,,,,,,,,,,,,,,,,,switch,sprites/misha/misha_perky_base.png,-80 0,0.5,,32x32,switch,sprites/misha/face/misha_perky_confused.png,-77 30 0,0.5,,,fadeOut,,,0.5,,,,,,,,128x128,switch,sprites/misha/misha_perky_base_arm.png,-42 -59,0.5,,,,,,,,,,,,,,,,,,,,,,,,,,,,,,,,,,,,,,,,,,,,,,,,,,,,,,,,,,,,,
184,,,,185,,,,,,,,,,,,,,,,,,,,,,,,,,,,,,,,,,,,,,,,,,,,,,,,,,,,,,,,,,,,,,,,,,,,,,,,,,,,,,,,,,,,,,,,,,,,,,,,,,,,,,,,,,
185,,,,186,,,,,,,,,,,,,,,,,,switch,sprites/misha/misha_arms_base.png,-80 0,0.5,,32x32,switch,sprites/misha/face/misha_arms_grin.png,-77 30 0,0.5,sprites/misha/misha_arms_base_head.png,,fadeIn,,-80 0,0.5,,,,,,,,256x256,switch,sprites/misha/misha_arms_base_hips.png,-80 0,0.5,,,,,,,,,,,,,,,,,,,,,,,,,,,,,,,,,,,,,,,,,,,,,,,,,,,,,,,,,,,,,
186,,,,187,,,,,,,,,,,,,,,,,,,,,,,,,,,,,,,,,,,,,,,,,,,,,,,,switch,sprites/shizu/shizu_base_normal.png,80 0 0,0.5,,64x64,switch,sprites/shizu/face/shizu_base_normal_frown.png,90 20 0,0.5,,,fadeOut,,,0.5,,,,,,,,,fadeOut,,,0.5,,,,,,,,,,,,,,,,,,,,,,,,,,,,,,,
187,,,,188,,,,,,,,,,,,,,,,,,,,,,,,,,,,,,,,,,,,,,,,,,,,,,,,,,,,,,,,,,,,,,,,,,,,,,,,,,,,,,,,,,,,,,,,,,,,,,,,,,,,,,,,,,
188,,,,189,,,,,,,,,,,,,,,,,,,,,,,,,,,,,,,,,,,,,,,,,,,,,,,,,,,,,,,,,,,,,,,,,,,,,,,,,,,,,,,,,,,,,,,,,,,,,,,,,,,,,,,,,,
189,,,,190,,,,,,,,,,,,,,,,,,,,,,,,,,,,,,,,,,,,,,,,,,,,,,,,,,,,,,switch,sprites/shizu/face/shizu_base_normal_normal.png,,0.5,,,,,,,,,,,,,,,,,,,,,,,,,,,,,,,,,,,,,,,,,,,,,,,,,
190,,,,191,,,,,,,,,,,,,,,,,,switch,sprites/misha/misha_perky_base.png,-80 0,0.5,,32x32,switch,sprites/misha/face/misha_perky_smile.png,-77 30 0,0.5,,,fadeOut,,,0.5,,,,,,,,128x128,switch,sprites/misha/misha_perky_base_arm.png,-42 -59,0.5,,,,,,,,,,,,,,,,,,,,,,,,,,,,,,,,,,,,,,,,,,,,,,,,,,,,,,,,,,,,,
191,,,,192_paneoIn,,,,,,,,,,,,,,,,,,,,,,,,,,,,,,,,,,,,,,,,,,,,,,,,,,,,,,,,,,,,,,,,,,,,,,,,,,,,,,,,,,,,,,,,,,,,,,,,,,,,,,,,,,
192_paneoIn,evento,,,193_limpieza,,,,,,,,,,,,,,,,,,,,,,,,,,,,,,,,,,,,,,,,,,,,,,,,,,,,,,,,,,,,,,,,,,,,,,,,,,,,,,,,,,,,,,,,,,,,,,,,,,,,,,,,,,
193_limpieza,evento,,,194_paneoOut,,,,,,,,,,,,,,,,,,fadeOut,,,0,,,fadeOut,,,0,,,,,,,,,,,,,,,fadeOut,,,0,,,fadeOut,,,0,,,fadeOut,,,0,,,,,,,,,,,,,,,,,,,,,,,,,,,,,,,,,,,,,,,,,,,,,,,,,
194_paneoOut,evento,,,195,,,,,,,,,,,,,,,,,,,,,,,,,,,,,,,,,,,,,,,,,,,,,,,,,,,,,,,,,,,,,,,,,,,,,,,,,,,,,,,,,,,,,,,,,,,,,,,,,,,,,,,,,,
195,,,,196,,,,,,out,3,,,,,,,,,,,,,,,,,,,,,,,,,,,,,,,,,,,,,,,,,,,,,,,,,,,,,,,,,,,,,,,,,,,,,,,,,,,,,,,,,,,,,,,,,,,,,,,,,,,
196,,,,197,,,,,,,,,,,,,,,,,,,,,,,,,,,,,,,,,,,,,,,,,,,,,,,,,,,,,,,,,,,,,,,,,,,,,,,,,,,,,,,,,,,,,,,,,,,,,,,,,,,,,,,,,,
197,,,,198_sfx,,,,,,,,,,,,,,,,,,,,,,,,,,,,,,,,,,,,,,,,,,,,,,,,,,,,,,,,,,,,,,,,,,,,,,,,,,,,,,,,,,,,,,,,,,,,,,,,,,,,,,,,,,
198_sfx,evento,,,199,,,,,,,,,,,,,,,,,,,,,,,,,,,,,,,,,,,,,,,,,,,,,,,,,,,,,,,,,,,,,,,,,,,,,,,,,,,,,,,,,,,,,,,,,,,,,,,,,,,,,,,,,,
199,,,,200,,,,,,,,,,switch,0.5,0 0 0,bgs/school_hallway3.jpg,400x240,0 0 0,,,,,,,,,,,,,,,,,,,,,,,,,,,,,,,,,,,,,,,,,,,,,,,,,,,,,,,,,,,,,,,,,,,,,,,,,,,,,,,,,,,,,,,,,,,
200,,,In the Nursery,201,,,,,,,,,,switch,0.5,0 0 0,bgs/school_staircase2.jpg,451x240,0 0 0,,,,,,,,,,,,,,,,,,,,,,,,,,,,,,,,,,,,,,,,,,,,,,,,,,,,,,,,,,,,,,,,,,,,,,,,,,,,,,,,,,,,,,,,,,,
201,evento,,,202,,,,,,,,,,switch,0.5,0 0 0,bgs/school_cafeteria.jpg,512x256,0 0 0,,,,,,,,,,,,,,,,,,,,,,,,,,,,,,,,,,,,,,,,,,,,,,,,,,,,,,,,,,,,,,,,,,,,,,,,,,,,,,,,,,,,,,,,,,,
202,,,,203,,,,,,,,,,,,,,,,,,,,,,,,,,,,,,,,,,,,,,,,,,,,,,,,,,,,,,,,,,,,,,,,,,,,,,,,,,,,,,,,,,,,,,,,,,,,,,,,,,,,,,,,,,
203,,,,204,,,,,bgm/Ease,in,0,,,,,,,,,sprites/misha/misha_arms_base.png,,fadeIn,,0 0,0.5,sprites/misha/face/misha_arms_grin.png,32x32,fadeIn,,3 30,0.5,sprites/misha/misha_arms_base_head.png,,fadeIn,,0 0,0.5,,,,,,,sprites/misha/misha_arms_base_hips.png,256x256,fadeIn,,0 0,0.5,,,,,,,,,,,,,,,,,,,,,,,,,,,,,,,,,,,,,,,,,,,,,,,,,,,,,,,,,,,,,
204,,,,205,,,,,,,,,,,,,,,,,,,,,,,,,,,,,,,,,,,,,,,,,,,,,,,,,,,,,,,,,,,,,,,,,,,,,,,,,,,,,,,,,,,,,,,,,,,,,,,,,,,,,,,,,,
205,,,,206,,,,,,,,,,,,,,,,,,fadeOut,,,0.5,,,fadeOut,,,0.5,,,fadeOut,,,0.5,,,,,,,,,fadeOut,,,0.5,,,,,,,,,,,,,,,,,,,,,,,,,,,,,,,,,,,,,,,,,,,,,,,,,,,,,,,,,,,,,
206,,,,207,,,,,,,,,,,,,,,,,,,,,,,,,,,,,,,,,,,,,,,,,,,,,,,,,,,,,,,,,,,,,,,,,,,,,,,,,,,,,,,,,,,,,,,,,,,,,,,,,,,,,,,,,,
207,,,,208,,,,,,,,,,,,,,,,,,,,,,,,,,,,,,,,,,,,,,,,,,,,,,,,,,,,,,,,,,,,,,,,,,,,,,,,,,,,,,,,,,,,,,,,,,,,,,,,,,,,,,,,,,
208,,,,209,,,,,,,,,,,,,,,,sprites/misha/misha_arms_base.png,,fadeIn,,-80 0,0.5,sprites/misha/face/misha_arms_frown.png,32x32,fadeIn,,-77 30,0.5,sprites/misha/misha_arms_base_head.png,,fadeIn,,-80 0,0.5,,,,,,,sprites/misha/misha_arms_base_hips.png,256x256,fadeIn,,-80 0,0.5,sprites/shizu/shizu_base_normal.png,,fadeIn,,80 0 0,0.5,sprites/shizu/face/shizu_base_normal_normal.png,64x64,fadeIn,,90 20 0,0.5,,,,,,,,,,,,,,,,,,,,,,,,,,,,,,,,,,,,,,,,,,,,,,,,,
209,,,,210,,,,,,,,,,,,,,,,,,switch,sprites/misha/misha_perky_base.png,-80 0,0.5,,32x32,switch,sprites/misha/face/misha_perky_smile.png,-77 30,0.5,,,fadeOut,,,0.5,,,,,,,,128x128,switch,sprites/misha/misha_perky_base_arm.png,-42 -59,0.5,,,,,,,,64x64,switch,sprites/shizu/face/shizu_base_normal_frown.png,90 20 0,0.5,,,,,,,,,,,,,,,,,,,,,,,,,,,,,,,,,,,,,,,,,,,,,,,,,
210,,,,211,,,,,,,,,,,,,,,,,,,,,,,,,,,,,,,,,,,,,,,,,,,,,,,,,,,,,,,,,,,,,,,,,,,,,,,,,,,,,,,,,,,,,,,,,,,,,,,,,,,,,,,,,,
211,,,,212,,,,,,,,,,,,,,,,,,,,,,,,,,,,,,,,,,,,,,,,,,,,,,,,,,,,,,,,,,,,,,,,,,,,,,,,,,,,,,,,,,,,,,,,,,,,,,,,,,,,,,,,,,
212,,,,213,,,,,,,,,,,,,,,,,,switch,sprites/misha/misha_arms_base.png,-80 0,0.5,,32x32,switch,sprites/misha/face/misha_arms_smile.png,-77 30,0.5,,,switch,sprites/misha/misha_arms_base_head.png,-80 0,0.5,,,,,,,,256x256,switch,sprites/misha/misha_arms_base_hips.png,-80 0,0.5,,,switch,sprites/shizu/shizu_base.png,80 0 0,0.5,,64x64,switch,sprites/shizu/face/shizu_base_behind_blank.png,70 25,0.5,sprites/shizu/shizu_base_behind_head.png,256x256,fadeIn,,80 0 0,0.5,,,,,,,sprites/shizu/shizu_base_behind_arms.png,128x128,fadeIn,,80 -27 0,0.5,,,,,,,,,,,,,,,,,,,,,,,,,,,,,,,
213,,,,214,,,,,,,,,,,,,,,,,,,,,,,,,,,,,,,,,,,,,,,,,,,,,,,,,,,,,,,,,,,,,,,,,,,,,,,,,,,,,,,,,,,,,,,,,,,,,,,,,,,,,,,,,,
214,,,,215_questMisha,,,,,,,,,,,,,,,,,,,,,,,32x32,switch,sprites/misha/face/misha_arms_grin.png,-77 30,0.5,,,,,,,,,,,,,,,,,,,,,,,,,,,,,,,,,,,,,,,,,,,,,,,,,,,,,,,,,,,,,,,,,,,,,,,,,,,,,,,
215_questMisha,decision,,,,,,,,,down-0.5,1,,,,,,,,,,,,,,,,,,,,,,,,,,,,,,,,,,,,,,,,,,,,,,,,,,,,,,,,,,,,,,,,,,,,,,,,,,,,,,,,,,,,,,,,,,,,,,,,,,,
,,,,,,,,,,,,,,,,,,,,,,,,,,,,,,,,,,,,,,,,,,,,,,,,,,,,,,,,,,,,,,,,,,,,,,,,,,,,,,,,,,,,,,,,,,,,,,,,,,,,,,,,,,,,,,
216_biblio,,,,217,,,,,,up-1,1,,,,,,,,,,,,,,,,,,,,,,,,,,,,,,,,,,,,,,,,,,,,,,,,,,,,,,,,,,,,,,,,,,,,,,,,,,,,,,,,,,,,,,,,,,,,,,,,,,,
217,,,,218,,,,,,,,,,,,,,,,,,,,,,,,,,,,,,,,,,,,,,,,,,,,,,,,,,,,,,,,,,,,,,,,,,,,,,,,,,,,,,,,,,,,,,,,,,,,,,,,,,,,,,,,,,
218,,,,219,,,,,,,,,,,,,,,,,,,,,,,,,,,,,,,,,,,,,,,,,,,,,,,,,,,,,,,,,,,,,,,,,,,,,,,,,,,,,,,,,,,,,,,,,,,,,,,,,,,,,,,,,,
219,,,,220,,,,,,,,,,,,,,,,,,,,,,,,,,,,,,,,,,,,,,,,,,,,,,,,,,,,,,,,,,,,,,,,,,,,,,,,,,,,,,,,,,,,,,,,,,,,,,,,,,,,,,,,,,
220,,,,231_normal,,,,,,,,,,,,,,,,,,,,,,,,,,,,,,,,,,,,,,,,,,,,,,,,,,,,,,,,,,,,,,,,,,,,,,,,,,,,,,,,,,,,,,,,,,,,,,,,,,,,,,,,,,
,,,,,,,,,,,,,,,,,,,,,,,,,,,,,,,,,,,,,,,,,,,,,,,,,,,,,,,,,,,,,,,,,,,,,,,,,,,,,,,,,,,,,,,,,,,,,,,,,,,,,,,,,,,,,,
221_nada,,,,222,,,,,,up-1,1,,,,,,,,,,,,,,,,,,,,,,,,,,,,,,,,,,,,,,,,,,,,,,,,,,,,,,,,,,,,,,,,,,,,,,,,,,,,,,,,,,,,,,,,,,,,,,,,,,,
222,,,,223,,,,,,,,,,,,,,,,,,switch,sprites/misha/misha_perky_base.png,-80 0,0.5,,32x32,switch,sprites/misha/face/misha_perky_smile.png,-77 30 0,0.5,,,fadeOut,,,0.5,,,,,,,,128x128,switch,sprites/misha/misha_perky_sign_arm.png,-42 -23,0.5,,,,,,,,,,,,,,,,,,,,,,,,,,,,,,,,,,,,,,,,,,,,,,,,,,,,,,,,,,,,,
223,,,,224,,,,,,,,,,,,,,,,,,,,,,,,,,,,,,,,,,,,,,,,,,,,,,,,,,,,,,,,,,,,,,,,,,,,,,,,,,,,,,,,,,,,,,,,,,,,,,,,,,,,,,,,,,
224,,,,225,,,,,,,,,,,,,,,,,,,,,,,,,,,,,,,,,,,,,,,,,,,,,,,,,,,,,,,,,,,,,,,,,,,,,,,,,,,,,,,,,,,,,,,,,,,,,,,,,,,,,,,,,,
225,,,,226,,,,,,,,,,,,,,,,,,switch,sprites/misha/misha_arms_base.png,-80 0,0.5,,32x32,switch,sprites/misha/face/misha_arms_grin.png,-77 30,0.5,sprites/misha/misha_arms_base_head.png,,fadeIn,,-80 0,0.5,,,,,,,,256x256,switch,sprites/misha/misha_arms_base_hips.png,-80 0,0.5,,,,,,,,,,,,,,,,,,,,,,,,,,,,,,,,,,,,,,,,,,,,,,,,,,,,,,,,,,,,,
226,,,,231_normal,,,,,,,,,,,,,,,,,,,,,,,,,,,,,,,,,,,,,,,,,,,,,,,,,,,,,,,,,,,,,,,,,,,,,,,,,,,,,,,,,,,,,,,,,,,,,,,,,,,,,,,,,,
,,,,,,,,,,,,,,,,,,,,,,,,,,,,,,,,,,,,,,,,,,,,,,,,,,,,,,,,,,,,,,,,,,,,,,,,,,,,,,,,,,,,,,,,,,,,,,,,,,,,,,,,,,,,,,
227_sordera,,,,228,,,,,,up-1,1,,,,,,,,,,,,,,,,,,,,,,,,,,,,,,,,,,,,,,,,,,,,,,,,,,,,,,,,,,,,,,,,,,,,,,,,,,,,,,,,,,,,,,,,,,,,,,,,,,,
228,,,,229,,,,,,,,,,,,,,,,,,,,,,,,,,,,,,,,,,,,,,,,,,,,,,,,,,,,,,,,,,,,,,,,,,,,,,,,,,,,,,,,,,,,,,,,,,,,,,,,,,,,,,,,,,
229,,,,230,,,,,,,,,,,,,,,,,,,,,,,,,,,,,,,,,,,,,,,,,,,,,,,,,,,,,,,,,,,,,,,,,,,,,,,,,,,,,,,,,,,,,,,,,,,,,,,,,,,,,,,,,,
230,,,,231_normal,,,,,,,,,,,,,,,,,,,,,,,,,,,,,,,,,,,,,,,,,,,,,,,,,,,,,,,,,,,,,,,,,,,,,,,,,,,,,,,,,,,,,,,,,,,,,,,,,,,,,,,,,,
,,,,,,,,,,,,,,,,,,,,,,,,,,,,,,,,,,,,,,,,,,,,,,,,,,,,,,,,,,,,,,,,,,,,,,,,,,,,,,,,,,,,,,,,,,,,,,,,,,,,,,,,,,,,,,
231_normal,,,,232,,,,,,,,,,,,,,,,,,,,,,,,,,,,,,,,,,,,,,,,,,,,,,,,,,,,,,,,,,,,,,,,,,,,,,,,,,,,,,,,,,,,,,,,,,,,,,,,,,,,,,,,,,
232,,,,233,,,,,,,,,,,,,,,,,,,,,,,,,,,,,,,,,,,,,,,,,,,,,,,,,,,,,,,,,,,,,,,,,,,,,,,,,,,,,,,,,,,,,,,,,,,,,,,,,,,,,,,,,,
233,,,,234,,,,,,,,,,,,,,,,,,,,,,,,,,,,,,,,,,,,,,,,,,,,,,,,,,,,,,,,,,,,,,,,,,,,,,,,,,,,,,,,,,,,,,,,,,,,,,,,,,,,,,,,,,
234,evento,,,235_paneoIn,,,,,,out,3,,,,,,,,,,,,,,,,,,,,,,,,,,,,,,,,,,,,,,,,,,,,,,,,,,,,,,,,,,,,,,,,,,,,,,,,,,,,,,,,,,,,,,,,,,,,,,,,,,,
235_paneoIn,evento,,,236_limpieza,,,,,,,,,,,,,,,,,,,,,,,,,,,,,,,,,,,,,,,,,,,,,,,,,,,,,,,,,,,,,,,,,,,,,,,,,,,,,,,,,,,,,,,,,,,,,,,,,,,,,,,,,,
236_limpieza,evento,,,237_paneoOut,,,,,,,,,,switch,0,,bgs/school_scienceroom.jpg,512x256,0 0 0,,,fadeOut,,,0,,,fadeOut,,,0,,,fadeOut,,,0,,,fadeOut,,,0,,,fadeOut,,,0,,,fadeOut,,,0,,,fadeOut,,,0,,,fadeOut,,,0,,,,,,,,,fadeOut,,,0,,,,,,,,,,,,,,,,,,,,,,,,,,,,,,,
237_paneoOut,evento,,,238,,,,,,,,,,,,,,,,,,,,,,,,,,,,,,,,,,,,,,,,,,,,,,,,,,,,,,,,,,,,,,,,,,,,,,,,,,,,,,,,,,,,,,,,,,,,,,,,,,,,,,,,,,
238,,,,239,,,,,bgm/Daylight,in,1,,,,,,,,,,,,,,,,,,,,,,,,,,,,,,,,,,,,,,,,,,,,,,,,,,,,,,,,,,,,,,,,,,,,,,,,,,,,,,,,,,,,,,,,,,,,,,,,,,,
239,,,,240,,,,,,,,,,,,,,,,sprites/hanako/hanako_emb_base.png,,fadeIn,,170 0,0.5,sprites/hanako/face/hanako_emb_downtimid.png,32x32,fadeIn,,170 42,0.5,,,,,,,,,,,,,,,,,,,,,,,,,,,,,,,,,,,,,,,,,,,,,,,,,,,,,,,,,,,,,,,,,,,,,,,,,,,,,,,
240,evento,,,241,,,,,,,,,,,,,,,,,,switch,sprites/hanako/hanako_def_base.png,170 0,0,,,switch,sprites/hanako/face/hanako_def_shock.png,170 43,0,,,,,,,sprites/hanako/hanako_def_base_arm2.png,128x128,fadeIn,,170 -45,0,,,,,,,,,,,,,,,,,,,,,,,,,,,,,,,,,,,,,,,,,,,,,,,,,,,,,,,,,,,,,,,,,,,
241,evento,,,242,,,,,,,,,,shakeY,0.5,,,,,,,shakeY,,,0.5,,,shakeY,,,0.5,,,,,,,,,shakeY,,,0.5,,,,,,,,,,,,,,,,,,,,,,,,,,,,,,,,,,,,,,,,,,,,,,,,,,,,,,,,,,,,,,,,,,,
242,evento,,,243,,,,,,,,,,,,,,,,,,move,,190 0,1,,,move,,190 43,1,,,,,,,,,move,,190 -45,1,,,,,,,,,,,,,,,,,,,,,,,,,,,,,,,,,,,,,,,,,,,,,,,,,,,,,,,,,,,,,,,,,,,
243,,,,244,,,,,,,,,,,,,,,,,,,,,,,,,,,,,,,,,,,,,,,,,,,,,,,,,,,,,,,,,,,,,,,,,,,,,,,,,,,,,,,,,,,,,,,,,,,,,,,,,,,,,,,,,,
244,,,,245,,,,,,,,,,,,,,,,,,,,,,,,,,,,,,,,,,,,,,,,,,,,,,,,,,,,,,,,,,,,,,,,,,,,,,,,,,,,,,,,,,,,,,,,,,,,,,,,,,,,,,,,,,
245,,,,246,,,,,,,,,,,,,,,,,,,,,,,,,,,,,,,,,,,,,,,,,,,,,,,,,,,,,,,,,,,,,,,,,,,,,,,,,,,,,,,,,,,,,,,,,,,,,,,,,,,,,,,,,,
246,,,,247,,,,,,,,,,,,,,,,,,move,,250 0,1,,,move,,250 43 ,1,,,,,,,,,move,,250 -45,1,,,,,,,,,,,,,,,,,,,,,,,,,,,,,,,,,,,,,,,,,,,,,,,,,,,,,,,,,,,,,,,,,,,
247,,,,248,,,,,,,,,,,,,,,,,,,,,,,,,,,,,,,,,,,,,,,,,,,,,,,,,,,,,,,,,,,,,,,,,,,,,,,,,,,,,,,,,,,,,,,,,,,,,,,,,,,,,,,,,,
248,,,,249,,,,,,,,,,,,,,,,,,,,,,,,,,,,,,,,,,,,,,,,,,,,,,,,,,,,,,,,,,,,,,,,,,,,,,,,,,,,,,,,,,,,,,,,,,,,,,,,,,,,,,,,,,
249,,,,250,,,,,,,,,,,,,,,,,,,,,,,,,,,,,,,,,,,,,,,,,,,,,,,,,,,,,,,,,,,,,,,,,,,,,,,,,,,,,,,,,,,,,,,,,,,,,,,,,,,,,,,,,,
250,,,,251_paneoIn,,,,,,,,,,,,,,,,,,fadeOut,,,0,,,fadeOut,,,0,,,,,,,,,fadeOut,,,0,,,,,,,,,,,,,,,,,,,,,,,,,,,,,,,,,,,,,,,,,,,,,,,,,,,,,,,,,,,,,,,,,,,
251_paneoIn,evento,,,252_paneoOut,,,,,,,,,,,,,,,,,,,,,,,,,,,,,,,,,,,,,,,,,,,,,,,,,,,,,,,,,,,,,,,,,,,,,,,,,,,,,,,,,,,,,,,,,,,,,,,,,,,,,,,,,,
252_paneoOut,evento,,,253,,,,,,,,,,,,,,,,,,,,,,,,,,,,,,,,,,,,,,,,,,,,,,,,,,,,,,,,,,,,,,,,,,,,,,,,,,,,,,,,,,,,,,,,,,,,,,,,,,,,,,,,,,
253,evento,,,254,,,,,,,,,,,,,,,,,,,,,,,,,,,,,,,,,,,,,,,,,,,,,,,,,,,,,,,,,,,,,,,,,,,,,,,,,,,,,,,,,,,,,,,,,,,,,,,,,,,,,,,,,,
254,,,,255,,,,,,,,,,,,,,,,,,,,,,,,,,,,,,,,,,,,,,,,,,,,,,,,,,,,,,,,,,,,,,,,,,,,,,,,,,,,,,,,,,,,,,,,,,,,,,,,,,,,,,,,,,
255,,,,256,,,,,,,,,,,,,,,,,,,,,,,,,,,,,,,,,,,,,,,,,,,,,,,,,,,,,,,,,,,,,,,,,,,,,,,,,,,,,,,,,,,,,,,,,,,,,,,,,,,,,,,,,,
256,,,,257,,,,,,,,,,,,,,,,sprites/misha/misha_perky_base.png,,fadeIn,,-80 0,0.5,sprites/misha/face/misha_perky_smile.png,32x32,fadeIn,,-77 30 0,0.5,,,,,,,,,,,,,sprites/misha/misha_perky_base_arm.png,128x128,fadeIn,,-42 -59,0.5,sprites/shizu/shizu_base.png,,fadeIn,,80 0 0,0.5,sprites/shizu/face/shizu_base_behind_blank.png,64x64,fadeIn,,70 25,0.5,sprites/shizu/shizu_base_behind_head.png,256x256,fadeIn,,80 0 0,0.5,,,,,,,sprites/shizu/shizu_base_behind_arms.png,128x128,fadeIn,,80 -27 0,0.5,,,,,,,,,,,,,,,,,,,,,,,,,,,,,,,
257,,,,258,,,,,,,,,,,,,,,,,,,,,,,,,,,,,,,,,,,,,,,,,,,,,,,,,,,,,,,,,,,,,,,,,,,,,,,,,,,,,,,,,,,,,,,,,,,,,,,,,,,,,,,,,,
258,,,,259,,,,,,,,,,,,,,,,,,,,,,,,,,,,,,,,,,,,,,,,,,,,,,,,switch,sprites/shizu/shizu_base_normal.png,80 0 0,0.5,,64x64,switch,sprites/shizu/face/shizu_base_normal_normal2.png,90 20 0,0.5,,,fadeOut,,,0.5,,,,,,,,,fadeOut,,,0.5,,,,,,,,,,,,,,,,,,,,,,,,,,,,,,,
259,,,,260,,,,,,,,,,,,,,,,,,,,,,,,,,,,,,,,,,,,,,,,,,,,,,,,,,,,,,,,,,,,,,,,,,,,,,,,,,,,,,,,,,,,,,,,,,,,,,,,,,,,,,,,,,
260,,,,261,,,,,,,,,,,,,,,,,,,,,,,,,,,,,,,,,,,,,,,,,,,,,,,,,,,,,,,,,,,,,,,,,,,,,,,,,,,,,,,,,,,,,,,,,,,,,,,,,,,,,,,,,,
261,,,,262,,,,,,,,,,,,,,,,,,switch,sprites/misha/misha_arms_base.png,-80 0,0.5,,32x32,switch,sprites/misha/face/misha_arms_grin.png,-77 30 0,0.5,sprites/misha/misha_arms_base_head.png,,fadeIn,,-80 0,0.5,,,,,,,,256x256,switch,sprites/misha/misha_arms_base_hips.png,-80 0,0.5,,,switch,sprites/shizu/shizu_base.png,80 0 0,0.5,,64x64,switch,sprites/shizu/face/shizu_base_behind_smile.png,70 25,0.5,sprites/shizu/shizu_base_behind_head.png,256x256,fadeIn,,80 0 0,0.5,,,,,,,sprites/shizu/shizu_base_behind_arms.png,128x128,fadeIn,,80 -27 0,0.5,,,,,,,,,,,,,,,,,,,,,,,,,,,,,,,
262,,,,263,,,,,,,,,,,,,,,,,,,,,,,,,,,,,,,,,,,,,,,,,,,,,,,,,,,,,,,,,,,,,,,,,,,,,,,,,,,,,,,,,,,,,,,,,,,,,,,,,,,,,,,,,,
263,evento,,,264,,,,,,,,,,,,,,,,,,fadeOut,,,0.5,,,fadeOut,,,0.5,,,fadeOut,,,0.5,,,,,,,,,fadeOut,,,0.5,,,fadeOut,,,0.5,,,fadeOut,,,0.5,,,fadeOut,,,0.5,,,,,,,,,fadeOut,,,0.5,,,,,,,,,,,,,,,,,,,,,,,,,,,,,,,
264,,,,265_bbIn,,,,,,,,,,switch,0.5,0 0 0,bgs/school_hallway3.jpg,400x240,0 0 0,,,,,,,,,,,,,,,,,,,,,,,,,,,,,,,,,,,,,,,,,,,,,,,,,,,,,,,,,,,,,,,,,,,,,,,,,,,,,,,,,,,,,,,,,,,
265_bbIn,evento,,,266,,,,,,,,,,,,,,,,,,,,,,,,,,,,,,,,,,,,,,,,,,,,,,,,,,,,,,,,,,,,,,,,,,,,,,,,,,,,,,,,,,,,,,,,,,,,,,,,,,,,,,,,,,
266,evento,,,267_bbOut,,,,,,,,,,switch,0,0 0 0,bgs/school_courtyard.jpg,400x240,0 0 0,,,,,,,,,,,,,,,,,,,,,,,,,,,,,,,,,,,,,,,,,,,,,,,,,,,,,,,,,,,,,,,,,,,,,,,,,,,,,,,,,,,,,,,,,,,
267_bbOut,evento,,,268,,,,,,,,,,,,,,,,,,,,,,,,,,,,,,,,,,,,,,,,,,,,,,,,,,,,,,,,,,,,,,,,,,,,,,,,,,,,,,,,,,,,,,,,,,,,,,,,,,,,,,,,,,
268,,,,269,,,,,,,,,,,,,,,,,,,,,,,,,,,,,,,,,,,,,,,,,,,,,,,,,,,,,,,,,,,,,,,,,,,,,,,,,,,,,,,,,,,,,,,,,,,,,,,,,,,,,,,,,,
269,,,,270,,,,,,,,,,,,,,,,,,,,,,,,,,,,,,,,,,,,,,,,,,,,,,,,,,,,,,,,,,,,,,,,,,,,,,,,,,,,,,,,,,,,,,,,,,,,,,,,,,,,,,,,,,
270,,,,271,,,,,,,,,,,,,,,,sprites/misha/misha_perky_base.png,,fadeIn,,-80 0,0.5,sprites/misha/face/misha_perky_smile.png,32x32,fadeIn,,-77 30 0,0.5,,,,,,,,,,,,,sprites/misha/misha_perky_base_arm.png,128x128,fadeIn,,-42 -59,0.5,sprites/shizu/shizu_base.png,,fadeIn,,80 0 0,0.5,sprites/shizu/face/shizu_base_behind_smile.png,64x64,fadeIn,,70 25,0.5,sprites/shizu/shizu_base_behind_head.png,256x256,fadeIn,,80 0 0,0.5,,,,,,,sprites/shizu/shizu_base_behind_arms.png,128x128,fadeIn,,80 -27 0,0.5,,,,,,,,,,,,,,,,,,,,,,,,,,,,,,,
271,,,,272,,,,,,,,,,,,,,,,,,,,,,,,,,,,,,,,,,,,,,,,,,,,,,,,,,,,,,,,,,,,,,,,,,,,,,,,,,,,,,,,,,,,,,,,,,,,,,,,,,,,,,,,,,
272,,,,273,,,,,,,,,,,,,,,,,,,,,,,,,,,,,,,,,,,,,,,,,,,,,,,,,,,,,,,,,,,,,,,,,,,,,,,,,,,,,,,,,,,,,,,,,,,,,,,,,,,,,,,,,,
273,,,,274,,,,,,,,,,,,,,,,,,,,,,,,,,,,,,,,,,,,,,,,,,,,,,,,,,,,,,switch,sprites/shizu/face/shizu_base_behind_frustrated.png,70 25,0.5,,,,,,,,,,,,,,,,,,,,,,,,,,,,,,,,,,,,,,,,,,,,,,,,,
274,,,,275,,,,,,,,,,,,,,,,,,switch,sprites/misha/misha_arms_base.png,-80 0,0.5,,32x32,switch,sprites/misha/face/misha_arms_grin.png,-77 30 0,0.5,sprites/misha/misha_arms_base_head.png,,fadeIn,,-80 0,0.5,,,,,,,,256x256,switch,sprites/misha/misha_arms_base_hips.png,-80 0,0.5,,,,,,,,,,,,,,,,,,,,,,,,,,,,,,,,,,,,,,,,,,,,,,,,,,,,,,,,,,,,,
275,,,,276,,,,,,,,,,,,,,,,,,switch,sprites/misha/misha_perky_base.png,-80 0,0.5,,32x32,switch,sprites/misha/face/misha_perky_smile.png,-77 30 0,0.5,,,fadeOut,,,0.5,,,,,,,,128x128,switch,sprites/misha/misha_perky_sign_arm.png,-42 -23,0.5,,,,,,,,,,,,,,,,,,,,,,,,,,,,,,,,,,,,,,,,,,,,,,,,,,,,,,,,,,,,,
276,,,,277,,,,,,,,,,,,,,,,,,switch,sprites/misha/misha_arms_base.png,-80 0,0.5,,32x32,switch,sprites/misha/face/misha_arms_smile.png,-77 30 0,0.5,sprites/misha/misha_arms_base_head.png,,fadeIn,,-80 0,0.5,,,,,,,,256x256,switch,sprites/misha/misha_arms_base_hips.png,-80 0,0.5,,,,,,,,,,,,,,,,,,,,,,,,,,,,,,,,,,,,,,,,,,,,,,,,,,,,,,,,,,,,,
277,,,,278,,,,,,,,,,,,,,,,,,,,,,,,,,,,,,,,,,,,,,,,,,,,,,,,,,,,,,,,,,,,,,,,,,,,,,,,,,,,,,,,,,,,,,,,,,,,,,,,,,,,,,,,,,
278,,,,279,,,,,,out,5,,,,,,,,,,,fadeOut,,,0.5,,,fadeOut,,,0.5,,,fadeOut,,,0.5,,,,,,,,,fadeOut,,,0.5,,,fadeOut,,,0.5,,,fadeOut,,,0.5,,,fadeOut,,,0.5,,,,,,,,,fadeOut,,,0.5,,,,,,,,,,,,,,,,,,,,,,,,,,,,,,,
279,,,,280,,,,,,,,,,,,,,,,,,,,,,,,,,,,,,,,,,,,,,,,,,,,,,,,,,,,,,,,,,,,,,,,,,,,,,,,,,,,,,,,,,,,,,,,,,,,,,,,,,,,,,,,,,
280,evento,,Fourth wall XD,281,,,,,,,,,,switch,0.5,0 0 0,bgs/fondoCrato.jpg,400x240,0 0 0,,,,,,,,,,,,,,,,,,,,,,,,,,,,,,,,,,,,,,,,,,,,,,,,,,,,,,,,,,,,,,,,,,,,,,,,,,,,,,,,,,,,,,,,,,,
281,,,Fourth wall XD,282,,,,,bgm/Red_Velvet,in,1,,,,,,,,,sprites/cratobeta/cratobeta_base.png,280x140,fadeIn,,0 -58,0.5,sprites/cratobeta/face/cratobeta_talk1.png,280x140,fadeIn,,0 -58,0.5,,,,,,,,,,,,,sprites/cratobeta/Cratobeta_base_arm_normal.png,280x140,fadeIn,,0 -58,0.5,,,,,,,,,,,,,,,,,,,,,,,,,,,,,,,,,,,,,,,,,,,,,,,,,,,,,,,,,,,,,
282,,,,283,,,,,,,,,,,,,,,,,,,,,,,,switch,sprites/cratobeta/face/cratobeta_talk2.png,0 -58,0.5,,,,,,,,,,,,,,,,,,,,,,,,,,,,,,,,,,,,,,,,,,,,,,,,,,,,,,,,,,,,,,,,,,,,,,,,,,,,,,,
283,,,,284,,,,,,,,,,,,,,,,,,,,,,,,switch,sprites/cratobeta/face/cratobeta_talk1.png,0 -58,0.5,,,,,,,,,,,,,,,,,,,,,,,,,,,,,,,,,,,,,,,,,,,,,,,,,,,,,,,,,,,,,,,,,,,,,,,,,,,,,,,
284,,,,285,,,,,,,,,,,,,,,,,,,,,,,,switch,sprites/cratobeta/face/cratobeta_pointing.png,0 -58,0.5,,,,,,,,,,,,,,,,,,,,,,,,,,,,,,,,,,,,,,,,,,,,,,,,,,,,,,,,,,,,,,,,,,,,,,,,,,,,,,,
285,,,,286,,,,,,,,,,,,,,,,,,,,,,,,switch,sprites/cratobeta/face/Cratobeta_cansado.png,0 -58,0.5,,,,,,,,,,,,,,,,,,,,,,,,,,,,,,,,,,,,,,,,,,,,,,,,,,,,,,,,,,,,,,,,,,,,,,,,,,,,,,,
286,,,,287,,,,,,,,,,,,,,,,,,,,,,,,switch,sprites/cratobeta/face/cratobeta_happy.png,0 -58,0.5,,,,,,,,,,,,,,,,,,,,,,,,,,,,,,,,,,,,,,,,,,,,,,,,,,,,,,,,,,,,,,,,,,,,,,,,,,,,,,,
287,,,,288,,,,,,,,,,,,,,,,,,,,,,,,switch,sprites/cratobeta/face/cratobeta_talk1.png,0 -58,0.5,,,,,,,,,,,,,,,,,,,,,,,,,,,,,,,,,,,,,,,,,,,,,,,,,,,,,,,,,,,,,,,,,,,,,,,,,,,,,,,
288,,,,289,,,,,,,,,,,,,,,,,,,,,,,,,,,,,,,,,,,,,,,,,,,,,,,,,,,,,,,,,,,,,,,,,,,,,,,,,,,,,,,,,,,,,,,,,,,,,,,,,,,,,,,,,,
289,,,,290,,,,,,,,,,,,,,,,,,move,,-105 -58,0.5,,,move,,-105 -58,0.5,,,,,,,,,,,,,,,move,,-105 -58,0.5,sprites/cratobeta/ksrev1.png,300x150,fadeIn,,115 -20,0.5,,,,,,,,,,,,,,,,,,,,,,,,,,,,,,,,,,,,,,,,,,,,,,,,,,,,,,,
290,,,,291,,,,,,,,,,,,,,,,,,,,,,,,,,,,,,,,,,,,,,,,,280x140,switch,sprites/cratobeta/Cratobeta_base_arm_pointing.png,-105 -58,0.5,,215x105,switch,sprites/cratobeta/cosa2.png,90 -40,0.5,,,,,,,,,,,,,,,,,,,,,,,,,,,,,,,,,,,,,,,,,,,,,,,,,,,,,,,
291,,,,292,,,,,,,,,,,,,,,,,,,,,,,,switch,sprites/cratobeta/face/cratobeta_happy.png,-105 -58,0.5,,,,,,,,,,,,,,,,,,,,215x105,switch,sprites/cratobeta/sj.png,90 -40,0.5,,,,,,,,,,,,,,,,,,,,,,,,,,,,,,,,,,,,,,,,,,,,,,,,,,,,,,,
292,,,,293,,,,,,,,,,,,,,,,,,,,,,,,switch,sprites/cratobeta/face/cratobeta_talk2.png,-105 -58,0.5,,,,,,,,,,,,,,280x140,switch,sprites/cratobeta/Cratobeta_base_arm_normal.png,-105 -58,0.5,,,fadeOut,,,0.5,,,,,,,,,,,,,,,,,,,,,,,,,,,,,,,,,,,,,,,,,,,,,,,,,,,,,,,
293,,,,294,,,,,,,,,,,,,,,,,,,,,,,,switch,sprites/cratobeta/face/Cratobeta_cansado.png,-105 -58,0.5,,,,,,,,,,,,,,280x140,switch,sprites/cratobeta/Cratobeta_base_arm_pointing.png,-105 -58,0.5,sprites/cratobeta/cosa1.png,215x105,fadeIn,,90 -40,0.5,,,,,,,,,,,,,,,,,,,,,,,,,,,,,,,,,,,,,,,,,,,,,,,,,,,,,,,
294,,,,295,,,,,,,,,,,,,,,,,,,,,,,,switch,sprites/cratobeta/face/cratobeta_talk1.png,-105 -58,0.5,,,,,,,,,,,,,,280x140,switch,sprites/cratobeta/Cratobeta_base_arm_normal.png,-105 -58,0.5,,,fadeOut,,,0.5,,,,,,,,,,,,,,,,,,,,,,,,,,,,,,,,,,,,,,,,,,,,,,,,,,,,,,,
295,EventInText,,,296,,,,,,,,,,,,,,,,,,move,,0 -58,0.5,,,move,,0 -58,0.5,,,,,,,,,,,,,,,move,,0 -58,0.5,,,,,,,,,,,,,,,,,,,,,,,,,,,,,,,,,,,,,,,,,,,,,,,,,,,,,,,,,,,,,
296,,,,297,,,,,,,,,,,,,,,,,,,,,,,,switch,sprites/cratobeta/face/cratobeta_talk1.png,0 -58,0.5,,,,,,,,,,,,,,,,,,,,,,,,,,,,,,,,,,,,,,,,,,,,,,,,,,,,,,,,,,,,,,,,,,,,,,,,,,,,,,,
297,,,,298,,,,,,,,,,,,,,,,,,,,,,,,switch,sprites/cratobeta/face/cratobeta_talk2.png,0 -58,0.5,,,,,,,,,,,,,,,,,,,,,,,,,,,,,,,,,,,,,,,,,,,,,,,,,,,,,,,,,,,,,,,,,,,,,,,,,,,,,,,
298,,,,299,,,,,,,,,,,,,,,,,,,,,,,,switch,sprites/cratobeta/face/cratobeta_happy.png,0 -58,0.5,,,,,,,,,,,,,,,,,,,,,,,,,,,,,,,,,,,,,,,,,,,,,,,,,,,,,,,,,,,,,,,,,,,,,,,,,,,,,,,
299,,,,300,,,,,,,,,,,,,,,,,,,,,,,,,,,,,,,,,,,,,,,,,280x140,switch,sprites/cratobeta/Cratobeta_base_arm_bay.png,0 -58,0.5,,,,,,,,,,,,,,,,,,,,,,,,,,,,,,,,,,,,,,,,,,,,,,,,,,,,,,,,,,,,,
300,evento,,,301,,,,,,,,,,,,,,,,,,,,,,,,,,,,,,,,,,,,,,,,,,,,,,,,,,,,,,,,,,,,,,,,,,,,,,,,,,,,,,,,,,,,,,,,,,,,,,,,,,,,,,,,,,
301,escena-menu,,,302,,,,,,,,,,,,,,,,,,,,,,,,,,,,,,,,,,,,,,,,,,,,,,,,,,,,,,,,,,,,,,,,,,,,,,,,,,,,,,,,,,,,,,,,,,,,,,,,,,,,,,,,,,
302,,,,303,,,,,,,,,,,,,,,,,,,,,,,,,,,,,,,,,,,,,,,,,,,,,,,,,,,,,,,,,,,,,,,,,,,,,,,,,,,,,,,,,,,,,,,,,,,,,,,,,,,,,,,,,,
303,,,,304,,,,,,,,,,,,,,,,,,,,,,,,,,,,,,,,,,,,,,,,,,,,,,,,,,,,,,,,,,,,,,,,,,,,,,,,,,,,,,,,,,,,,,,,,,,,,,,,,,,,,,,,,,
304,,,,305,,,,,,,,,,,,,,,,,,,,,,,,,,,,,,,,,,,,,,,,,,,,,,,,,,,,,,,,,,,,,,,,,,,,,,,,,,,,,,,,,,,,,,,,,,,,,,,,,,,,,,,,,,
305,,,,306,,,,,,,,,,,,,,,,,,,,,,,,,,,,,,,,,,,,,,,,,,,,,,,,,,,,,,,,,,,,,,,,,,,,,,,,,,,,,,,,,,,,,,,,,,,,,,,,,,,,,,,,,,
306,,,,307,,,,,,,,,,,,,,,,,,,,,,,,,,,,,,,,,,,,,,,,,,,,,,,,,,,,,,,,,,,,,,,,,,,,,,,,,,,,,,,,,,,,,,,,,,,,,,,,,,,,,,,,,,
307,,,,308,,,,,,,,,,,,,,,,,,,,,,,,,,,,,,,,,,,,,,,,,,,,,,,,,,,,,,,,,,,,,,,,,,,,,,,,,,,,,,,,,,,,,,,,,,,,,,,,,,,,,,,,,,
308,,,,309,,,,,,,,,,,,,,,,,,,,,,,,,,,,,,,,,,,,,,,,,,,,,,,,,,,,,,,,,,,,,,,,,,,,,,,,,,,,,,,,,,,,,,,,,,,,,,,,,,,,,,,,,,
309,,,,310,,,,,,,,,,,,,,,,,,,,,,,,,,,,,,,,,,,,,,,,,,,,,,,,,,,,,,,,,,,,,,,,,,,,,,,,,,,,,,,,,,,,,,,,,,,,,,,,,,,,,,,,,,
310,,,,311,,,,,,,,,,,,,,,,,,,,,,,,,,,,,,,,,,,,,,,,,,,,,,,,,,,,,,,,,,,,,,,,,,,,,,,,,,,,,,,,,,,,,,,,,,,,,,,,,,,,,,,,,,
311,,,,312,,,,,,,,,,,,,,,,,,,,,,,,,,,,,,,,,,,,,,,,,,,,,,,,,,,,,,,,,,,,,,,,,,,,,,,,,,,,,,,,,,,,,,,,,,,,,,,,,,,,,,,,,,
312,,,,313,,,,,,,,,,,,,,,,,,,,,,,,,,,,,,,,,,,,,,,,,,,,,,,,,,,,,,,,,,,,,,,,,,,,,,,,,,,,,,,,,,,,,,,,,,,,,,,,,,,,,,,,,,
313,,,,314,,,,,,,,,,,,,,,,,,,,,,,,,,,,,,,,,,,,,,,,,,,,,,,,,,,,,,,,,,,,,,,,,,,,,,,,,,,,,,,,,,,,,,,,,,,,,,,,,,,,,,,,,,
314,,,,315,,,,,,,,,,,,,,,,,,,,,,,,,,,,,,,,,,,,,,,,,,,,,,,,,,,,,,,,,,,,,,,,,,,,,,,,,,,,,,,,,,,,,,,,,,,,,,,,,,,,,,,,,,
315,,,,316,,,,,,,,,,,,,,,,,,,,,,,,,,,,,,,,,,,,,,,,,,,,,,,,,,,,,,,,,,,,,,,,,,,,,,,,,,,,,,,,,,,,,,,,,,,,,,,,,,,,,,,,,,
316,,,,317,,,,,,,,,,,,,,,,,,,,,,,,,,,,,,,,,,,,,,,,,,,,,,,,,,,,,,,,,,,,,,,,,,,,,,,,,,,,,,,,,,,,,,,,,,,,,,,,,,,,,,,,,,
317,,,,318,,,,,,,,,,,,,,,,,,,,,,,,,,,,,,,,,,,,,,,,,,,,,,,,,,,,,,,,,,,,,,,,,,,,,,,,,,,,,,,,,,,,,,,,,,,,,,,,,,,,,,,,,,
318,,,,319,,,,,,,,,,,,,,,,,,,,,,,,,,,,,,,,,,,,,,,,,,,,,,,,,,,,,,,,,,,,,,,,,,,,,,,,,,,,,,,,,,,,,,,,,,,,,,,,,,,,,,,,,,
319,,,,320,,,,,,,,,,,,,,,,,,,,,,,,,,,,,,,,,,,,,,,,,,,,,,,,,,,,,,,,,,,,,,,,,,,,,,,,,,,,,,,,,,,,,,,,,,,,,,,,,,,,,,,,,,
320,,,,321,,,,,,,,,,,,,,,,,,,,,,,,,,,,,,,,,,,,,,,,,,,,,,,,,,,,,,,,,,,,,,,,,,,,,,,,,,,,,,,,,,,,,,,,,,,,,,,,,,,,,,,,,,
321,,,,322,,,,,,,,,,,,,,,,,,,,,,,,,,,,,,,,,,,,,,,,,,,,,,,,,,,,,,,,,,,,,,,,,,,,,,,,,,,,,,,,,,,,,,,,,,,,,,,,,,,,,,,,,,
322,,,,323,,,,,,,,,,,,,,,,,,,,,,,,,,,,,,,,,,,,,,,,,,,,,,,,,,,,,,,,,,,,,,,,,,,,,,,,,,,,,,,,,,,,,,,,,,,,,,,,,,,,,,,,,,
323,,,,324,,,,,,,,,,,,,,,,,,,,,,,,,,,,,,,,,,,,,,,,,,,,,,,,,,,,,,,,,,,,,,,,,,,,,,,,,,,,,,,,,,,,,,,,,,,,,,,,,,,,,,,,,,
324,,,,325,,,,,,,,,,,,,,,,,,,,,,,,,,,,,,,,,,,,,,,,,,,,,,,,,,,,,,,,,,,,,,,,,,,,,,,,,,,,,,,,,,,,,,,,,,,,,,,,,,,,,,,,,,
325,,,,326,,,,,,,,,,,,,,,,,,,,,,,,,,,,,,,,,,,,,,,,,,,,,,,,,,,,,,,,,,,,,,,,,,,,,,,,,,,,,,,,,,,,,,,,,,,,,,,,,,,,,,,,,,
326,,,,327,,,,,,,,,,,,,,,,,,,,,,,,,,,,,,,,,,,,,,,,,,,,,,,,,,,,,,,,,,,,,,,,,,,,,,,,,,,,,,,,,,,,,,,,,,,,,,,,,,,,,,,,,,
327,,,,328,,,,,,,,,,,,,,,,,,,,,,,,,,,,,,,,,,,,,,,,,,,,,,,,,,,,,,,,,,,,,,,,,,,,,,,,,,,,,,,,,,,,,,,,,,,,,,,,,,,,,,,,,,
328,,,,329,,,,,,,,,,,,,,,,,,,,,,,,,,,,,,,,,,,,,,,,,,,,,,,,,,,,,,,,,,,,,,,,,,,,,,,,,,,,,,,,,,,,,,,,,,,,,,,,,,,,,,,,,,
329,,,,330,,,,,,,,,,,,,,,,,,,,,,,,,,,,,,,,,,,,,,,,,,,,,,,,,,,,,,,,,,,,,,,,,,,,,,,,,,,,,,,,,,,,,,,,,,,,,,,,,,,,,,,,,,
330,,,,331,,,,,,,,,,,,,,,,,,,,,,,,,,,,,,,,,,,,,,,,,,,,,,,,,,,,,,,,,,,,,,,,,,,,,,,,,,,,,,,,,,,,,,,,,,,,,,,,,,,,,,,,,,
331,,,,332,,,,,,,,,,,,,,,,,,,,,,,,,,,,,,,,,,,,,,,,,,,,,,,,,,,,,,,,,,,,,,,,,,,,,,,,,,,,,,,,,,,,,,,,,,,,,,,,,,,,,,,,,,
332,,,,333,,,,,,,,,,,,,,,,,,,,,,,,,,,,,,,,,,,,,,,,,,,,,,,,,,,,,,,,,,,,,,,,,,,,,,,,,,,,,,,,,,,,,,,,,,,,,,,,,,,,,,,,,,
333,,,,334,,,,,,,,,,,,,,,,,,,,,,,,,,,,,,,,,,,,,,,,,,,,,,,,,,,,,,,,,,,,,,,,,,,,,,,,,,,,,,,,,,,,,,,,,,,,,,,,,,,,,,,,,,
334,,,,335,,,,,,,,,,,,,,,,,,,,,,,,,,,,,,,,,,,,,,,,,,,,,,,,,,,,,,,,,,,,,,,,,,,,,,,,,,,,,,,,,,,,,,,,,,,,,,,,,,,,,,,,,,
335,,,,336,,,,,,,,,,,,,,,,,,,,,,,,,,,,,,,,,,,,,,,,,,,,,,,,,,,,,,,,,,,,,,,,,,,,,,,,,,,,,,,,,,,,,,,,,,,,,,,,,,,,,,,,,,
336,,,,337,,,,,,,,,,,,,,,,,,,,,,,,,,,,,,,,,,,,,,,,,,,,,,,,,,,,,,,,,,,,,,,,,,,,,,,,,,,,,,,,,,,,,,,,,,,,,,,,,,,,,,,,,,
337,,,,338,,,,,,,,,,,,,,,,,,,,,,,,,,,,,,,,,,,,,,,,,,,,,,,,,,,,,,,,,,,,,,,,,,,,,,,,,,,,,,,,,,,,,,,,,,,,,,,,,,,,,,,,,,
338,,,,339,,,,,,,,,,,,,,,,,,,,,,,,,,,,,,,,,,,,,,,,,,,,,,,,,,,,,,,,,,,,,,,,,,,,,,,,,,,,,,,,,,,,,,,,,,,,,,,,,,,,,,,,,,
339,,,,340,,,,,,,,,,,,,,,,,,,,,,,,,,,,,,,,,,,,,,,,,,,,,,,,,,,,,,,,,,,,,,,,,,,,,,,,,,,,,,,,,,,,,,,,,,,,,,,,,,,,,,,,,,
340,,,,341,,,,,,,,,,,,,,,,,,,,,,,,,,,,,,,,,,,,,,,,,,,,,,,,,,,,,,,,,,,,,,,,,,,,,,,,,,,,,,,,,,,,,,,,,,,,,,,,,,,,,,,,,,
341,,,,342,,,,,,,,,,,,,,,,,,,,,,,,,,,,,,,,,,,,,,,,,,,,,,,,,,,,,,,,,,,,,,,,,,,,,,,,,,,,,,,,,,,,,,,,,,,,,,,,,,,,,,,,,,
342,,,,343,,,,,,,,,,,,,,,,,,,,,,,,,,,,,,,,,,,,,,,,,,,,,,,,,,,,,,,,,,,,,,,,,,,,,,,,,,,,,,,,,,,,,,,,,,,,,,,,,,,,,,,,,,
343,,,,344,,,,,,,,,,,,,,,,,,,,,,,,,,,,,,,,,,,,,,,,,,,,,,,,,,,,,,,,,,,,,,,,,,,,,,,,,,,,,,,,,,,,,,,,,,,,,,,,,,,,,,,,,,
344,,,,345,,,,,,,,,,,,,,,,,,,,,,,,,,,,,,,,,,,,,,,,,,,,,,,,,,,,,,,,,,,,,,,,,,,,,,,,,,,,,,,,,,,,,,,,,,,,,,,,,,,,,,,,,,
345,,,,346,,,,,,,,,,,,,,,,,,,,,,,,,,,,,,,,,,,,,,,,,,,,,,,,,,,,,,,,,,,,,,,,,,,,,,,,,,,,,,,,,,,,,,,,,,,,,,,,,,,,,,,,,,
346,,,,347,,,,,,,,,,,,,,,,,,,,,,,,,,,,,,,,,,,,,,,,,,,,,,,,,,,,,,,,,,,,,,,,,,,,,,,,,,,,,,,,,,,,,,,,,,,,,,,,,,,,,,,,,,
347,,,,348,,,,,,,,,,,,,,,,,,,,,,,,,,,,,,,,,,,,,,,,,,,,,,,,,,,,,,,,,,,,,,,,,,,,,,,,,,,,,,,,,,,,,,,,,,,,,,,,,,,,,,,,,,
348,,,,349,,,,,,,,,,,,,,,,,,,,,,,,,,,,,,,,,,,,,,,,,,,,,,,,,,,,,,,,,,,,,,,,,,,,,,,,,,,,,,,,,,,,,,,,,,,,,,,,,,,,,,,,,,
349,,,,350,,,,,,,,,,,,,,,,,,,,,,,,,,,,,,,,,,,,,,,,,,,,,,,,,,,,,,,,,,,,,,,,,,,,,,,,,,,,,,,,,,,,,,,,,,,,,,,,,,,,,,,,,,
350,,,,,,,,,,,,,,,,,,,,,,,,,,,,,,,,,,,,,,,,,,,,,,,,,,,,,,,,,,,,,,,,,,,,,,,,,,,,,,,,,,,,,,,,,,,,,,,,,,,,,,,,,,,,,,
